436-44-4853,676142456075,Erika,Fields,F,0863 Christopher Court,North,VA,23128,37.4401,-76.4238,1045,Computer games developer,1953-08-01,162035318102,adults_50up_female_rural.json,7a24c595d54e31bde3d36b3ee07167a9,2022-01-01,04:27:22,1641029242,gas_transport,9.21,0,fraud_Raynor  Feest and Miller,37.810528,-75.771012
436-44-4853,676142456075,Erika,Fields,F,0863 Christopher Court,North,VA,23128,37.4401,-76.4238,1045,Computer games developer,1953-08-01,162035318102,adults_50up_female_rural.json,db2cc79a1e260d7c215c271d72aa1ca7,2022-01-01,09:16:52,1641046612,gas_transport,73.78,0,fraud_Raynor  Feest and Miller,36.645780,-75.975706
436-44-4853,676142456075,Erika,Fields,F,0863 Christopher Court,North,VA,23128,37.4401,-76.4238,1045,Computer games developer,1953-08-01,162035318102,adults_50up_female_rural.json,4a51f82959e1b519d83e7adabc433d9f,2022-01-02,03:17:05,1641111425,gas_transport,47.72,0,fraud_Streich  Hansen and Veum,38.137489,-77.097384
436-44-4853,676142456075,Erika,Fields,F,0863 Christopher Court,North,VA,23128,37.4401,-76.4238,1045,Computer games developer,1953-08-01,162035318102,adults_50up_female_rural.json,fa42859f4043eec4ecff988454ce0277,2022-01-03,00:55:36,1641189336,gas_transport,50.43,0,fraud_Corwin-Collins,36.786033,-76.753630
436-44-4853,676142456075,Erika,Fields,F,0863 Christopher Court,North,VA,23128,37.4401,-76.4238,1045,Computer games developer,1953-08-01,162035318102,adults_50up_female_rural.json,cdf5d127bf6a748b0b887111d0635e39,2022-01-03,02:50:02,1641196202,gas_transport,82.60,0,fraud_Reilly  Heaney and Cole,37.411045,-75.664201
436-44-4853,676142456075,Erika,Fields,F,0863 Christopher Court,North,VA,23128,37.4401,-76.4238,1045,Computer games developer,1953-08-01,162035318102,adults_50up_female_rural.json,7358c4eca76fd08ea489c5d9b652b269,2022-01-04,04:05:55,1641287155,gas_transport,6.15,0,fraud_Emard Inc,37.769445,-76.201780
436-44-4853,676142456075,Erika,Fields,F,0863 Christopher Court,North,VA,23128,37.4401,-76.4238,1045,Computer games developer,1953-08-01,162035318102,adults_50up_female_rural.json,317649ccd495f3c5dba278a93aa70256,2022-01-04,09:03:52,1641305032,gas_transport,61.47,0,fraud_Schaefer  Maggio and Daugherty,37.647042,-75.680062
436-44-4853,676142456075,Erika,Fields,F,0863 Christopher Court,North,VA,23128,37.4401,-76.4238,1045,Computer games developer,1953-08-01,162035318102,adults_50up_female_rural.json,86fe7bfac40aca383ad03126a476f1a1,2022-01-05,07:01:42,1641384102,gas_transport,101.19,0,fraud_Ledner-Pfannerstill,38.271714,-77.148329
436-44-4853,676142456075,Erika,Fields,F,0863 Christopher Court,North,VA,23128,37.4401,-76.4238,1045,Computer games developer,1953-08-01,162035318102,adults_50up_female_rural.json,5efa765f02d4ec69cb864397455c036e,2022-01-05,10:16:35,1641395795,gas_transport,3.33,0,fraud_Kuvalis Ltd,37.405855,-75.423839
436-44-4853,676142456075,Erika,Fields,F,0863 Christopher Court,North,VA,23128,37.4401,-76.4238,1045,Computer games developer,1953-08-01,162035318102,adults_50up_female_rural.json,58fb63a41c7eb4b95992374d9abaf6d0,2022-01-06,00:20:34,1641446434,gas_transport,81.94,0,fraud_Schaefer  McGlynn and Bosco,37.505067,-75.506605
436-44-4853,676142456075,Erika,Fields,F,0863 Christopher Court,North,VA,23128,37.4401,-76.4238,1045,Computer games developer,1953-08-01,162035318102,adults_50up_female_rural.json,a94990b3460120f1f7f547bcc1714a62,2022-01-06,03:27:37,1641457657,gas_transport,134.07,0,fraud_Stroman  Hudson and Erdman,36.570319,-76.818979
436-44-4853,676142456075,Erika,Fields,F,0863 Christopher Court,North,VA,23128,37.4401,-76.4238,1045,Computer games developer,1953-08-01,162035318102,adults_50up_female_rural.json,512f6711c60c1fa7df1487da685a53eb,2022-01-07,11:41:15,1641573675,gas_transport,43.35,0,fraud_Corwin-Collins,37.150960,-76.974372
436-44-4853,676142456075,Erika,Fields,F,0863 Christopher Court,North,VA,23128,37.4401,-76.4238,1045,Computer games developer,1953-08-01,162035318102,adults_50up_female_rural.json,ea03669f913969c6f6c5baef06041dc1,2022-01-08,00:01:25,1641618085,gas_transport,114.98,0,fraud_Olson  Becker and Koch,36.826133,-77.168343
436-44-4853,676142456075,Erika,Fields,F,0863 Christopher Court,North,VA,23128,37.4401,-76.4238,1045,Computer games developer,1953-08-01,162035318102,adults_50up_female_rural.json,1d0d6ff88d868cbe61c6065f2eef9436,2022-01-08,02:56:08,1641628568,gas_transport,3.68,0,fraud_Mraz-Herzog,36.770593,-77.334664
436-44-4853,676142456075,Erika,Fields,F,0863 Christopher Court,North,VA,23128,37.4401,-76.4238,1045,Computer games developer,1953-08-01,162035318102,adults_50up_female_rural.json,db360f7aa36faa3f5fe1577f87647807,2022-01-08,08:36:35,1641648995,gas_transport,7.67,0,fraud_Streich  Hansen and Veum,38.322570,-75.928319
436-44-4853,676142456075,Erika,Fields,F,0863 Christopher Court,North,VA,23128,37.4401,-76.4238,1045,Computer games developer,1953-08-01,162035318102,adults_50up_female_rural.json,fa1d4f0a298e63514d8e1b45dbe56317,2022-01-09,06:57:44,1641729464,gas_transport,31.82,0,fraud_Schmitt Inc,38.056158,-77.260912
436-44-4853,676142456075,Erika,Fields,F,0863 Christopher Court,North,VA,23128,37.4401,-76.4238,1045,Computer games developer,1953-08-01,162035318102,adults_50up_female_rural.json,f2d0547bb4c374e119d2c1d45c27a9ce,2022-01-09,07:23:44,1641731024,gas_transport,102.68,0,fraud_Raynor  Feest and Miller,37.964015,-76.091097
436-44-4853,676142456075,Erika,Fields,F,0863 Christopher Court,North,VA,23128,37.4401,-76.4238,1045,Computer games developer,1953-08-01,162035318102,adults_50up_female_rural.json,c968f63dd921bc25d47772c1f4872c8e,2022-01-09,07:34:38,1641731678,gas_transport,9.69,0,fraud_Streich  Hansen and Veum,37.645215,-76.317425
436-44-4853,676142456075,Erika,Fields,F,0863 Christopher Court,North,VA,23128,37.4401,-76.4238,1045,Computer games developer,1953-08-01,162035318102,adults_50up_female_rural.json,36c22ea8e6bed36aa417fb34bf8517fe,2022-01-09,07:39:08,1641731948,gas_transport,2.50,0,fraud_Jenkins  Hauck and Friesen,38.283260,-75.787869
436-44-4853,676142456075,Erika,Fields,F,0863 Christopher Court,North,VA,23128,37.4401,-76.4238,1045,Computer games developer,1953-08-01,162035318102,adults_50up_female_rural.json,a13e50bdeb25527005780e88f2cf187c,2022-01-10,05:07:33,1641809253,gas_transport,20.00,0,fraud_Harber Inc,38.196603,-76.642118
436-44-4853,676142456075,Erika,Fields,F,0863 Christopher Court,North,VA,23128,37.4401,-76.4238,1045,Computer games developer,1953-08-01,162035318102,adults_50up_female_rural.json,32e31b442fdf986c67823395d661ad5a,2022-01-12,02:50:46,1641973846,gas_transport,8.72,0,fraud_Huels-Hahn,37.595915,-76.850172
436-44-4853,676142456075,Erika,Fields,F,0863 Christopher Court,North,VA,23128,37.4401,-76.4238,1045,Computer games developer,1953-08-01,162035318102,adults_50up_female_rural.json,be11946106fd59accdcafec95f354561,2022-01-12,11:07:32,1642003652,gas_transport,3.01,0,fraud_Cummerata-Jones,37.491355,-75.563752
436-44-4853,676142456075,Erika,Fields,F,0863 Christopher Court,North,VA,23128,37.4401,-76.4238,1045,Computer games developer,1953-08-01,162035318102,adults_50up_female_rural.json,53186c08482bd9613f9792d6f5373251,2022-01-13,09:18:35,1642083515,gas_transport,6.10,0,fraud_Bernhard Inc,37.835562,-77.272935
436-44-4853,676142456075,Erika,Fields,F,0863 Christopher Court,North,VA,23128,37.4401,-76.4238,1045,Computer games developer,1953-08-01,162035318102,adults_50up_female_rural.json,60778813299dcbaebfd241fb4581e5de,2022-01-13,09:48:39,1642085319,gas_transport,83.47,0,fraud_Prohaska-Murray,37.154356,-75.734792
436-44-4853,676142456075,Erika,Fields,F,0863 Christopher Court,North,VA,23128,37.4401,-76.4238,1045,Computer games developer,1953-08-01,162035318102,adults_50up_female_rural.json,a3b8baa5b5e15bb4bebbfe6a800f16f3,2022-01-13,11:20:14,1642090814,gas_transport,4.08,0,fraud_Tillman  Dickinson and Labadie,36.961262,-77.070014
436-44-4853,676142456075,Erika,Fields,F,0863 Christopher Court,North,VA,23128,37.4401,-76.4238,1045,Computer games developer,1953-08-01,162035318102,adults_50up_female_rural.json,ed7f0a5803c55c3e4ab94554fb952502,2022-01-13,11:59:05,1642093145,gas_transport,140.19,0,fraud_Torp-Labadie,37.463682,-77.163651
436-44-4853,676142456075,Erika,Fields,F,0863 Christopher Court,North,VA,23128,37.4401,-76.4238,1045,Computer games developer,1953-08-01,162035318102,adults_50up_female_rural.json,2bbef7b96b47969ce52fdfbb654c9ca9,2022-01-14,03:09:45,1642147785,gas_transport,93.18,0,fraud_Huels-Nolan,36.744186,-76.096555
436-44-4853,676142456075,Erika,Fields,F,0863 Christopher Court,North,VA,23128,37.4401,-76.4238,1045,Computer games developer,1953-08-01,162035318102,adults_50up_female_rural.json,d70ebc608b9ac9dbe2f12e45aa70ac81,2022-01-14,06:17:40,1642159060,gas_transport,50.22,0,fraud_Huels-Nolan,38.406235,-76.446703
436-44-4853,676142456075,Erika,Fields,F,0863 Christopher Court,North,VA,23128,37.4401,-76.4238,1045,Computer games developer,1953-08-01,162035318102,adults_50up_female_rural.json,7569aca91595fbc95f3ee3c726266ffa,2022-01-14,07:03:05,1642161785,gas_transport,1978.11,0,fraud_Streich  Hansen and Veum,38.395632,-75.859769
436-44-4853,676142456075,Erika,Fields,F,0863 Christopher Court,North,VA,23128,37.4401,-76.4238,1045,Computer games developer,1953-08-01,162035318102,adults_50up_female_rural.json,fe030b332037f96cb56d3e5ef5c1326c,2022-01-14,08:30:22,1642167022,gas_transport,67.06,0,fraud_Lind  Huel and McClure,37.644012,-77.175288
436-44-4853,676142456075,Erika,Fields,F,0863 Christopher Court,North,VA,23128,37.4401,-76.4238,1045,Computer games developer,1953-08-01,162035318102,adults_50up_female_rural.json,d8f6914323374551a227edf05d624dab,2022-01-14,09:02:47,1642168967,gas_transport,131.47,0,fraud_Koss and Sons,37.547102,-76.383467
436-44-4853,676142456075,Erika,Fields,F,0863 Christopher Court,North,VA,23128,37.4401,-76.4238,1045,Computer games developer,1953-08-01,162035318102,adults_50up_female_rural.json,75e5292758f5bf80307dff5bb531f1bf,2022-01-15,02:49:51,1642232991,grocery_net,44.12,0,fraud_Murray Ltd,37.535538,-76.955946
436-44-4853,676142456075,Erika,Fields,F,0863 Christopher Court,North,VA,23128,37.4401,-76.4238,1045,Computer games developer,1953-08-01,162035318102,adults_50up_female_rural.json,1204aae85ae21da34d02908e505e10d4,2022-01-15,04:46:55,1642240015,grocery_pos,9.87,0,fraud_Mosciski  Gislason and Mertz,37.807396,-75.469215
436-44-4853,676142456075,Erika,Fields,F,0863 Christopher Court,North,VA,23128,37.4401,-76.4238,1045,Computer games developer,1953-08-01,162035318102,adults_50up_female_rural.json,b1a28994d02e4ce909a8ae7cc3474372,2022-01-15,08:19:26,1642252766,grocery_net,10.83,0,fraud_Kling-Grant,37.683414,-76.684309
436-44-4853,676142456075,Erika,Fields,F,0863 Christopher Court,North,VA,23128,37.4401,-76.4238,1045,Computer games developer,1953-08-01,162035318102,adults_50up_female_rural.json,e73c6393aabdda5832d137b6b911ad31,2022-01-15,08:21:30,1642252890,grocery_net,8.08,0,fraud_Kutch-Hegmann,37.342331,-76.342627
436-44-4853,676142456075,Erika,Fields,F,0863 Christopher Court,North,VA,23128,37.4401,-76.4238,1045,Computer games developer,1953-08-01,162035318102,adults_50up_female_rural.json,d2bea9a03fd412bdbefb93a4bf33d9ff,2022-01-16,00:42:37,1642311757,grocery_pos,61.79,0,fraud_Padberg-Welch,36.740549,-76.408416
436-44-4853,676142456075,Erika,Fields,F,0863 Christopher Court,North,VA,23128,37.4401,-76.4238,1045,Computer games developer,1953-08-01,162035318102,adults_50up_female_rural.json,33a6fd4d79ab3b023d378152a5b864d9,2022-01-17,06:16:09,1642418169,grocery_pos,168.88,0,fraud_Mosciski  Gislason and Mertz,36.959120,-76.296897
436-44-4853,676142456075,Erika,Fields,F,0863 Christopher Court,North,VA,23128,37.4401,-76.4238,1045,Computer games developer,1953-08-01,162035318102,adults_50up_female_rural.json,e08dcdf2eb2dc231ffa7205f593c0d0d,2022-01-19,04:15:53,1642583753,grocery_pos,6.98,0,fraud_Heidenreich PLC,37.546834,-75.747603
436-44-4853,676142456075,Erika,Fields,F,0863 Christopher Court,North,VA,23128,37.4401,-76.4238,1045,Computer games developer,1953-08-01,162035318102,adults_50up_female_rural.json,0b20a5f868b8b4fe905ccdd26c79d6a5,2022-01-20,04:13:09,1642669989,grocery_pos,141.12,0,fraud_Barton Inc,37.273193,-76.839472
436-44-4853,676142456075,Erika,Fields,F,0863 Christopher Court,North,VA,23128,37.4401,-76.4238,1045,Computer games developer,1953-08-01,162035318102,adults_50up_female_rural.json,67d563cc55e81a00acce3ceba3c6b53e,2022-01-20,06:23:46,1642677826,grocery_pos,8.08,0,fraud_Hackett-Lueilwitz,37.233819,-76.902796
436-44-4853,676142456075,Erika,Fields,F,0863 Christopher Court,North,VA,23128,37.4401,-76.4238,1045,Computer games developer,1953-08-01,162035318102,adults_50up_female_rural.json,9a4320ec7775cbc836692e1f406293c4,2022-01-20,10:22:06,1642692126,grocery_pos,67.25,0,fraud_Cartwright-Harris,38.127352,-77.235551
436-44-4853,676142456075,Erika,Fields,F,0863 Christopher Court,North,VA,23128,37.4401,-76.4238,1045,Computer games developer,1953-08-01,162035318102,adults_50up_female_rural.json,49d078c12ae9160e5f70d941cdaf19d9,2022-01-20,11:56:01,1642697761,grocery_pos,62.08,0,fraud_Kutch and Sons,37.215993,-76.503431
436-44-4853,676142456075,Erika,Fields,F,0863 Christopher Court,North,VA,23128,37.4401,-76.4238,1045,Computer games developer,1953-08-01,162035318102,adults_50up_female_rural.json,53b7af20db565f9d2050465fa0513347,2022-01-21,08:37:39,1642772259,grocery_pos,161.25,0,fraud_Bogisich Inc,37.235224,-76.936276
436-44-4853,676142456075,Erika,Fields,F,0863 Christopher Court,North,VA,23128,37.4401,-76.4238,1045,Computer games developer,1953-08-01,162035318102,adults_50up_female_rural.json,9587c81b5b4284aad13e295d33040fcd,2022-01-22,01:20:35,1642832435,grocery_pos,5.33,0,fraud_Koepp-Witting,37.325403,-77.189055
436-44-4853,676142456075,Erika,Fields,F,0863 Christopher Court,North,VA,23128,37.4401,-76.4238,1045,Computer games developer,1953-08-01,162035318102,adults_50up_female_rural.json,99dde9fdacf824aeee99c7e592651d9f,2022-01-22,02:17:08,1642835828,grocery_pos,3.85,0,fraud_Murray-Smitham,36.664188,-77.015207
436-44-4853,676142456075,Erika,Fields,F,0863 Christopher Court,North,VA,23128,37.4401,-76.4238,1045,Computer games developer,1953-08-01,162035318102,adults_50up_female_rural.json,a77b880a137703627fd1cc7bb6ac6ee4,2022-01-22,02:42:30,1642837350,grocery_pos,154.54,0,fraud_Padberg-Welch,37.796609,-75.439294
436-44-4853,676142456075,Erika,Fields,F,0863 Christopher Court,North,VA,23128,37.4401,-76.4238,1045,Computer games developer,1953-08-01,162035318102,adults_50up_female_rural.json,93b708dbfe855f03ae6b028c4fbdc472,2022-01-22,03:46:52,1642841212,grocery_pos,104.94,0,fraud_Doyle Ltd,37.320941,-76.100306
436-44-4853,676142456075,Erika,Fields,F,0863 Christopher Court,North,VA,23128,37.4401,-76.4238,1045,Computer games developer,1953-08-01,162035318102,adults_50up_female_rural.json,c9d8d089c6886cc55d4dc374c776ae3d,2022-01-22,08:32:59,1642858379,grocery_pos,58.90,0,fraud_Rowe  Batz and Goodwin,37.633990,-76.693597
436-44-4853,676142456075,Erika,Fields,F,0863 Christopher Court,North,VA,23128,37.4401,-76.4238,1045,Computer games developer,1953-08-01,162035318102,adults_50up_female_rural.json,74be1d092292f531ff97283c46544ce8,2022-01-23,03:01:46,1642924906,grocery_pos,4.18,0,fraud_Osinski  Ledner and Leuschke,36.547102,-75.566532
436-44-4853,676142456075,Erika,Fields,F,0863 Christopher Court,North,VA,23128,37.4401,-76.4238,1045,Computer games developer,1953-08-01,162035318102,adults_50up_female_rural.json,7e9b181b239a7ecc8fb5366ec82265ec,2022-01-23,08:22:01,1642944121,grocery_pos,1.70,0,fraud_DuBuque LLC,37.122681,-77.212180
436-44-4853,676142456075,Erika,Fields,F,0863 Christopher Court,North,VA,23128,37.4401,-76.4238,1045,Computer games developer,1953-08-01,162035318102,adults_50up_female_rural.json,5cc37794b2e85fa7bca1672339b017ab,2022-01-24,01:16:10,1643004970,grocery_pos,117.37,0,fraud_Schumm  Bauch and Ondricka,36.693209,-75.673479
436-44-4853,676142456075,Erika,Fields,F,0863 Christopher Court,North,VA,23128,37.4401,-76.4238,1045,Computer games developer,1953-08-01,162035318102,adults_50up_female_rural.json,2dd8625c4efd554452328428aa04476e,2022-01-24,02:39:30,1643009970,grocery_pos,2.68,0,fraud_O'Keefe-Hudson,36.840407,-76.641721
436-44-4853,676142456075,Erika,Fields,F,0863 Christopher Court,North,VA,23128,37.4401,-76.4238,1045,Computer games developer,1953-08-01,162035318102,adults_50up_female_rural.json,b6ab27dff66114f86cad0b3ba22f32a7,2022-01-24,06:33:05,1643023985,grocery_pos,27.21,0,fraud_O'Keefe-Hudson,36.906439,-77.183048
436-44-4853,676142456075,Erika,Fields,F,0863 Christopher Court,North,VA,23128,37.4401,-76.4238,1045,Computer games developer,1953-08-01,162035318102,adults_50up_female_rural.json,679bcf3faf558b7cdc1cc424dfc2121b,2022-01-24,11:27:21,1643041641,grocery_pos,3.35,0,fraud_Kuhic Inc,37.973209,-76.462890
436-44-4853,676142456075,Erika,Fields,F,0863 Christopher Court,North,VA,23128,37.4401,-76.4238,1045,Computer games developer,1953-08-01,162035318102,adults_50up_female_rural.json,2becd39826f69f51e9b5a23694acf3c8,2022-01-26,00:37:01,1643175421,misc_net,62.72,0,fraud_Moore  Dibbert and Koepp,38.264358,-75.786815
436-44-4853,676142456075,Erika,Fields,F,0863 Christopher Court,North,VA,23128,37.4401,-76.4238,1045,Computer games developer,1953-08-01,162035318102,adults_50up_female_rural.json,af2e0b48a0ad6dc6422d33215be017f3,2022-01-26,03:18:14,1643185094,misc_net,2.45,0,fraud_Stehr  Jewess and Schimmel,37.847246,-77.161479
436-44-4853,676142456075,Erika,Fields,F,0863 Christopher Court,North,VA,23128,37.4401,-76.4238,1045,Computer games developer,1953-08-01,162035318102,adults_50up_female_rural.json,ce8157ffaeeb7d2f7647aa5df4d8e3c8,2022-01-26,04:56:33,1643190993,misc_net,5.20,0,fraud_Huel Ltd,37.683124,-76.700885
436-44-4853,676142456075,Erika,Fields,F,0863 Christopher Court,North,VA,23128,37.4401,-76.4238,1045,Computer games developer,1953-08-01,162035318102,adults_50up_female_rural.json,94c1583afc5eebd29988a09d01ba335e,2022-01-26,07:05:21,1643198721,misc_net,61.86,0,fraud_Schmitt Ltd,36.956041,-76.559003
436-44-4853,676142456075,Erika,Fields,F,0863 Christopher Court,North,VA,23128,37.4401,-76.4238,1045,Computer games developer,1953-08-01,162035318102,adults_50up_female_rural.json,5ee920bba0f179659d0381d41f05c144,2022-01-26,08:41:51,1643204511,misc_net,69.34,0,fraud_Zemlak Group,37.679495,-77.138698
436-44-4853,676142456075,Erika,Fields,F,0863 Christopher Court,North,VA,23128,37.4401,-76.4238,1045,Computer games developer,1953-08-01,162035318102,adults_50up_female_rural.json,42e274411c6642bee4519a75b1f1d89b,2022-01-28,00:00:14,1643346014,misc_net,225.92,0,fraud_Schmitt Ltd,37.330865,-76.043950
436-44-4853,676142456075,Erika,Fields,F,0863 Christopher Court,North,VA,23128,37.4401,-76.4238,1045,Computer games developer,1953-08-01,162035318102,adults_50up_female_rural.json,4fbabeebe2a0045c9afc6b091e2c1742,2022-01-28,07:10:35,1643371835,misc_net,17.14,0,fraud_Kerluke Inc,38.096977,-76.925406
436-44-4853,676142456075,Erika,Fields,F,0863 Christopher Court,North,VA,23128,37.4401,-76.4238,1045,Computer games developer,1953-08-01,162035318102,adults_50up_female_rural.json,9f0e2a053f838a91aee683223fab94af,2022-01-29,03:10:02,1643443802,misc_net,4.01,0,fraud_Corwin-Gorczany,37.626910,-77.239071
436-44-4853,676142456075,Erika,Fields,F,0863 Christopher Court,North,VA,23128,37.4401,-76.4238,1045,Computer games developer,1953-08-01,162035318102,adults_50up_female_rural.json,729ed272a35ce3139fd5dcbfb75844a4,2022-01-29,05:28:48,1643452128,misc_net,2.97,0,fraud_Ferry  Lynch and Kautzer,37.193583,-76.136091
436-44-4853,676142456075,Erika,Fields,F,0863 Christopher Court,North,VA,23128,37.4401,-76.4238,1045,Computer games developer,1953-08-01,162035318102,adults_50up_female_rural.json,c9276708f1c965a688c7aa87960c12b3,2022-01-29,06:20:05,1643455205,misc_net,149.34,0,fraud_Mante Group,36.746628,-77.389427
436-44-4853,676142456075,Erika,Fields,F,0863 Christopher Court,North,VA,23128,37.4401,-76.4238,1045,Computer games developer,1953-08-01,162035318102,adults_50up_female_rural.json,abeafa23dcf708658b57a68d5f893f6d,2022-01-29,09:48:21,1643467701,misc_net,1.02,0,fraud_McGlynn-Heathcote,37.984648,-75.436701
436-44-4853,676142456075,Erika,Fields,F,0863 Christopher Court,North,VA,23128,37.4401,-76.4238,1045,Computer games developer,1953-08-01,162035318102,adults_50up_female_rural.json,957577156cef007b1181cd54e91c60cd,2022-01-29,10:13:45,1643469225,misc_net,3.07,0,fraud_Bernier  Volkman and Hoeger,36.706874,-76.418154
436-44-4853,676142456075,Erika,Fields,F,0863 Christopher Court,North,VA,23128,37.4401,-76.4238,1045,Computer games developer,1953-08-01,162035318102,adults_50up_female_rural.json,724a4680d5160f64daa8947036e4a620,2022-01-30,00:54:53,1643522093,misc_net,162.44,0,fraud_Durgan-Auer,37.540147,-77.157759
436-44-4853,676142456075,Erika,Fields,F,0863 Christopher Court,North,VA,23128,37.4401,-76.4238,1045,Computer games developer,1953-08-01,162035318102,adults_50up_female_rural.json,8154de536e0097b2bc3b4962fba9369a,2022-01-30,01:05:32,1643522732,misc_net,8.69,0,fraud_Huel-Langworth,37.606017,-77.033321
436-44-4853,676142456075,Erika,Fields,F,0863 Christopher Court,North,VA,23128,37.4401,-76.4238,1045,Computer games developer,1953-08-01,162035318102,adults_50up_female_rural.json,e3068e5a461a9cad8445cdc2155db6b4,2022-01-30,01:40:55,1643524855,misc_net,59.83,0,fraud_Nader-Heller,38.199402,-76.649067
436-44-4853,676142456075,Erika,Fields,F,0863 Christopher Court,North,VA,23128,37.4401,-76.4238,1045,Computer games developer,1953-08-01,162035318102,adults_50up_female_rural.json,e8ee6db441c219e4f913766d9e0237da,2022-01-30,02:24:37,1643527477,misc_pos,4.53,0,fraud_Cremin  Hamill and Reichel,37.747673,-77.325193
436-44-4853,676142456075,Erika,Fields,F,0863 Christopher Court,North,VA,23128,37.4401,-76.4238,1045,Computer games developer,1953-08-01,162035318102,adults_50up_female_rural.json,0a661d8854dd94a2cc7a27a44d3e33e9,2022-01-30,08:18:02,1643548682,misc_net,157.70,0,fraud_Kris-Weimann,38.095044,-75.678711
436-44-4853,676142456075,Erika,Fields,F,0863 Christopher Court,North,VA,23128,37.4401,-76.4238,1045,Computer games developer,1953-08-01,162035318102,adults_50up_female_rural.json,e578bcd60dcfec2a5532d364832f5bd4,2022-01-31,06:43:32,1643629412,misc_pos,83.03,0,fraud_Smith-Stokes,37.284052,-76.888103
436-44-4853,676142456075,Erika,Fields,F,0863 Christopher Court,North,VA,23128,37.4401,-76.4238,1045,Computer games developer,1953-08-01,162035318102,adults_50up_female_rural.json,a6b08427467d68f57f3ecb7a08be266c,2022-02-01,05:40:04,1643712004,misc_pos,59.15,0,fraud_Simonis-Prohaska,36.495932,-76.460240
436-44-4853,676142456075,Erika,Fields,F,0863 Christopher Court,North,VA,23128,37.4401,-76.4238,1045,Computer games developer,1953-08-01,162035318102,adults_50up_female_rural.json,ec40afef277ec86badb793b009138db7,2022-02-01,07:21:43,1643718103,misc_pos,60.06,0,fraud_Herman Inc,36.798605,-76.045024
436-44-4853,676142456075,Erika,Fields,F,0863 Christopher Court,North,VA,23128,37.4401,-76.4238,1045,Computer games developer,1953-08-01,162035318102,adults_50up_female_rural.json,15a43c06ec2abec2b8860e1105b9e7cb,2022-02-03,07:09:39,1643890179,misc_pos,47.04,0,fraud_Simonis-Prohaska,36.825340,-76.189371
436-44-4853,676142456075,Erika,Fields,F,0863 Christopher Court,North,VA,23128,37.4401,-76.4238,1045,Computer games developer,1953-08-01,162035318102,adults_50up_female_rural.json,96ec75e85dc994bdee07864dd5ac00c5,2022-02-03,07:46:22,1643892382,misc_pos,38.24,0,fraud_Wintheiser  Dietrich and Schimmel,37.452633,-77.334701
436-44-4853,676142456075,Erika,Fields,F,0863 Christopher Court,North,VA,23128,37.4401,-76.4238,1045,Computer games developer,1953-08-01,162035318102,adults_50up_female_rural.json,713cb647464eba881a4a0e05390ee796,2022-02-04,00:02:56,1643950976,misc_pos,58.58,0,fraud_Wiza LLC,37.778797,-77.004359
436-44-4853,676142456075,Erika,Fields,F,0863 Christopher Court,North,VA,23128,37.4401,-76.4238,1045,Computer games developer,1953-08-01,162035318102,adults_50up_female_rural.json,d541315b86828143bd6414dc2a1d52a3,2022-02-04,05:22:02,1643970122,misc_pos,8.73,0,fraud_Schmeler Inc,37.202228,-76.358607
436-44-4853,676142456075,Erika,Fields,F,0863 Christopher Court,North,VA,23128,37.4401,-76.4238,1045,Computer games developer,1953-08-01,162035318102,adults_50up_female_rural.json,c4fa005682c863370b5dc7487ca3b89b,2022-02-04,05:23:36,1643970216,shopping_net,7.61,0,fraud_Reichert  Shanahan and Hayes,37.246344,-76.837497
436-44-4853,676142456075,Erika,Fields,F,0863 Christopher Court,North,VA,23128,37.4401,-76.4238,1045,Computer games developer,1953-08-01,162035318102,adults_50up_female_rural.json,e82b113d823310cbc1fda677c1a6de9a,2022-02-04,06:45:41,1643975141,misc_pos,5.97,0,fraud_Schmeler Inc,37.496944,-76.290892
436-44-4853,676142456075,Erika,Fields,F,0863 Christopher Court,North,VA,23128,37.4401,-76.4238,1045,Computer games developer,1953-08-01,162035318102,adults_50up_female_rural.json,e869ab7e624ada9e3fbc96cccd3ad343,2022-02-04,06:46:58,1643975218,shopping_net,5.87,0,fraud_Reichert  Huels and Hoppe,37.883706,-76.309533
436-44-4853,676142456075,Erika,Fields,F,0863 Christopher Court,North,VA,23128,37.4401,-76.4238,1045,Computer games developer,1953-08-01,162035318102,adults_50up_female_rural.json,f9895c9d73bba2fe56ed1e902427890b,2022-02-04,11:07:10,1643990830,shopping_net,1.40,0,fraud_Jast Ltd,36.821353,-76.770908
436-44-4853,676142456075,Erika,Fields,F,0863 Christopher Court,North,VA,23128,37.4401,-76.4238,1045,Computer games developer,1953-08-01,162035318102,adults_50up_female_rural.json,502eb868d1a4e2388670d089969a92a3,2022-02-05,00:31:49,1644039109,shopping_net,53.24,0,fraud_Lemke-Gutmann,36.920250,-75.894533
436-44-4853,676142456075,Erika,Fields,F,0863 Christopher Court,North,VA,23128,37.4401,-76.4238,1045,Computer games developer,1953-08-01,162035318102,adults_50up_female_rural.json,b972fcb034dc683f0415d6b53963f9e7,2022-02-05,01:11:26,1644041486,shopping_net,87.71,0,fraud_Kuhic  Bins and Pfeffer,37.120299,-77.256134
436-44-4853,676142456075,Erika,Fields,F,0863 Christopher Court,North,VA,23128,37.4401,-76.4238,1045,Computer games developer,1953-08-01,162035318102,adults_50up_female_rural.json,854647a49238db3e95d23aedb3b44670,2022-02-05,09:09:31,1644070171,shopping_net,119.32,0,fraud_Reichert  Shanahan and Hayes,36.796744,-76.345558
436-44-4853,676142456075,Erika,Fields,F,0863 Christopher Court,North,VA,23128,37.4401,-76.4238,1045,Computer games developer,1953-08-01,162035318102,adults_50up_female_rural.json,f5730e12ab93a1adddaf35b158a7f833,2022-02-05,11:13:04,1644077584,shopping_net,111.67,0,fraud_Altenwerth  Cartwright and Koss,36.814753,-75.552881
436-44-4853,676142456075,Erika,Fields,F,0863 Christopher Court,North,VA,23128,37.4401,-76.4238,1045,Computer games developer,1953-08-01,162035318102,adults_50up_female_rural.json,0279403c7de2545c5f1d8b157d88bdbc,2022-02-06,03:56:24,1644137784,shopping_net,4.91,0,fraud_Fisher Inc,37.972357,-76.833268
436-44-4853,676142456075,Erika,Fields,F,0863 Christopher Court,North,VA,23128,37.4401,-76.4238,1045,Computer games developer,1953-08-01,162035318102,adults_50up_female_rural.json,293eef94a22853809d4f6d616c7f0cc5,2022-02-06,04:44:00,1644140640,shopping_net,78.46,0,fraud_Greenholt  O'Hara and Balistreri,36.623145,-76.714126
436-44-4853,676142456075,Erika,Fields,F,0863 Christopher Court,North,VA,23128,37.4401,-76.4238,1045,Computer games developer,1953-08-01,162035318102,adults_50up_female_rural.json,38f08470a8b04eff96b7cd440f77892d,2022-02-06,08:43:37,1644155017,shopping_net,7.03,0,fraud_Gottlieb  Considine and Schultz,36.877814,-75.685526
436-44-4853,676142456075,Erika,Fields,F,0863 Christopher Court,North,VA,23128,37.4401,-76.4238,1045,Computer games developer,1953-08-01,162035318102,adults_50up_female_rural.json,b0e6422f1bef4cdddfd81fac47810561,2022-02-06,09:57:09,1644159429,shopping_net,60.10,0,fraud_Stanton  Jakubowski and Baumbach,37.126391,-76.789371
436-44-4853,676142456075,Erika,Fields,F,0863 Christopher Court,North,VA,23128,37.4401,-76.4238,1045,Computer games developer,1953-08-01,162035318102,adults_50up_female_rural.json,d5e964c818a6eec59979f4ca0dcee567,2022-02-07,06:25:30,1644233130,shopping_net,132.75,0,fraud_Hills-Witting,37.427884,-76.129038
436-44-4853,676142456075,Erika,Fields,F,0863 Christopher Court,North,VA,23128,37.4401,-76.4238,1045,Computer games developer,1953-08-01,162035318102,adults_50up_female_rural.json,7c702254e5d7028260affbbeb696d129,2022-02-08,07:41:43,1644324103,shopping_net,58.41,0,fraud_Stanton  Jakubowski and Baumbach,36.481845,-76.698270
436-44-4853,676142456075,Erika,Fields,F,0863 Christopher Court,North,VA,23128,37.4401,-76.4238,1045,Computer games developer,1953-08-01,162035318102,adults_50up_female_rural.json,556c951be7320fce933e3f898d37a94a,2022-02-08,10:55:46,1644335746,shopping_net,5.86,0,fraud_Schumm PLC,38.283707,-77.004178
436-44-4853,676142456075,Erika,Fields,F,0863 Christopher Court,North,VA,23128,37.4401,-76.4238,1045,Computer games developer,1953-08-01,162035318102,adults_50up_female_rural.json,ec91d37a5c36334d143b5895a953b581,2022-02-09,05:44:19,1644403459,shopping_net,125.63,0,fraud_Auer-West,36.487582,-77.221581
436-44-4853,676142456075,Erika,Fields,F,0863 Christopher Court,North,VA,23128,37.4401,-76.4238,1045,Computer games developer,1953-08-01,162035318102,adults_50up_female_rural.json,6a7bbc0494db40afb591c50ab64c1004,2022-02-10,00:03:12,1644469392,gas_transport,19.95,1,fraud_Raynor  Feest and Miller,37.176092,-76.568633
436-44-4853,676142456075,Erika,Fields,F,0863 Christopher Court,North,VA,23128,37.4401,-76.4238,1045,Computer games developer,1953-08-01,162035318102,adults_50up_female_rural.json,611eeb153dd5befaf9e06f180813604d,2022-02-11,20:57:07,1644631027,misc_net,821.72,1,fraud_Schmitt Ltd,36.524744,-75.688091
436-44-4853,676142456075,Erika,Fields,F,0863 Christopher Court,North,VA,23128,37.4401,-76.4238,1045,Computer games developer,1953-08-01,162035318102,adults_50up_female_rural.json,2930b31b5744698f029d8eb5ee4f11eb,2022-02-11,22:32:07,1644636727,shopping_net,1067.51,1,fraud_Little  Gutmann and Lynch,37.688145,-76.800588
436-44-4853,676142456075,Erika,Fields,F,0863 Christopher Court,North,VA,23128,37.4401,-76.4238,1045,Computer games developer,1953-08-01,162035318102,adults_50up_female_rural.json,8563b231a53e1eb74d9a280dca22e53c,2022-02-11,22:49:00,1644637740,misc_net,823.47,1,fraud_Lebsack and Sons,37.643918,-75.982718
436-44-4853,676142456075,Erika,Fields,F,0863 Christopher Court,North,VA,23128,37.4401,-76.4238,1045,Computer games developer,1953-08-01,162035318102,adults_50up_female_rural.json,b4acc61b06fbb91ab6c56795383549f7,2022-02-12,02:02:34,1644649354,shopping_pos,73.05,0,fraud_Lesch Ltd,37.193467,-77.237240
436-44-4853,676142456075,Erika,Fields,F,0863 Christopher Court,North,VA,23128,37.4401,-76.4238,1045,Computer games developer,1953-08-01,162035318102,adults_50up_female_rural.json,1abcfe3294d4d293d3a4faa6de7b5830,2022-02-12,04:01:31,1644656491,shopping_net,156.19,0,fraud_Kuhic LLC,37.786706,-75.681095
436-44-4853,676142456075,Erika,Fields,F,0863 Christopher Court,North,VA,23128,37.4401,-76.4238,1045,Computer games developer,1953-08-01,162035318102,adults_50up_female_rural.json,de87ae7ac582e555346bda37deae1056,2022-02-12,06:00:25,1644663625,shopping_pos,4.45,0,fraud_Mayert Group,38.295753,-77.258635
436-44-4853,676142456075,Erika,Fields,F,0863 Christopher Court,North,VA,23128,37.4401,-76.4238,1045,Computer games developer,1953-08-01,162035318102,adults_50up_female_rural.json,d7b15e4fe86b7a2d05a3101dfb90d918,2022-02-12,07:08:09,1644667689,shopping_pos,76.14,0,fraud_Nitzsche  Kessler and Wolff,38.384766,-77.147025
436-44-4853,676142456075,Erika,Fields,F,0863 Christopher Court,North,VA,23128,37.4401,-76.4238,1045,Computer games developer,1953-08-01,162035318102,adults_50up_female_rural.json,26d477c7e0519456c4073b4e1aab40da,2022-02-12,08:22:06,1644672126,shopping_pos,29.18,0,fraud_Mohr Inc,36.920851,-75.447514
436-44-4853,676142456075,Erika,Fields,F,0863 Christopher Court,North,VA,23128,37.4401,-76.4238,1045,Computer games developer,1953-08-01,162035318102,adults_50up_female_rural.json,7076ddf94a524c2ebc110fcd8034d922,2022-02-12,11:39:32,1644683972,shopping_pos,73.87,0,fraud_Mohr Inc,37.548995,-75.812472
436-44-4853,676142456075,Erika,Fields,F,0863 Christopher Court,North,VA,23128,37.4401,-76.4238,1045,Computer games developer,1953-08-01,162035318102,adults_50up_female_rural.json,58a93686ef46c24a078582e94133d0c9,2022-02-13,02:07:26,1644736046,shopping_pos,51.27,0,fraud_Torphy-Goyette,38.016916,-77.315797
436-44-4853,676142456075,Erika,Fields,F,0863 Christopher Court,North,VA,23128,37.4401,-76.4238,1045,Computer games developer,1953-08-01,162035318102,adults_50up_female_rural.json,cc81dd9ecfdaf5609b4603d09400ccc8,2022-02-13,06:34:56,1644752096,shopping_pos,46.70,0,fraud_Barrows PLC,36.836877,-77.207294
436-44-4853,676142456075,Erika,Fields,F,0863 Christopher Court,North,VA,23128,37.4401,-76.4238,1045,Computer games developer,1953-08-01,162035318102,adults_50up_female_rural.json,c93b9f1817e43eb8ce66ad3cd7a39f5a,2022-02-13,06:45:45,1644752745,shopping_pos,83.66,0,fraud_Macejkovic-Lesch,36.908964,-76.724275
436-44-4853,676142456075,Erika,Fields,F,0863 Christopher Court,North,VA,23128,37.4401,-76.4238,1045,Computer games developer,1953-08-01,162035318102,adults_50up_female_rural.json,bcfd951919b7fcb4ac934fdae9b471bf,2022-02-13,10:34:49,1644766489,shopping_pos,128.77,0,fraud_Bahringer  Schoen and Corkery,36.685764,-76.752702
436-44-4853,676142456075,Erika,Fields,F,0863 Christopher Court,North,VA,23128,37.4401,-76.4238,1045,Computer games developer,1953-08-01,162035318102,adults_50up_female_rural.json,d482e29873d2cb837c034f11b82c5962,2022-02-14,09:11:08,1644847868,shopping_pos,8.09,0,fraud_Macejkovic-Lesch,37.922933,-76.375928
436-44-4853,676142456075,Erika,Fields,F,0863 Christopher Court,North,VA,23128,37.4401,-76.4238,1045,Computer games developer,1953-08-01,162035318102,adults_50up_female_rural.json,4ebcee0db18cbaec2a28384ecfd5a824,2022-02-15,09:14:45,1644934485,shopping_pos,3.06,0,fraud_Jast-McDermott,38.130809,-76.679281
436-44-4853,676142456075,Erika,Fields,F,0863 Christopher Court,North,VA,23128,37.4401,-76.4238,1045,Computer games developer,1953-08-01,162035318102,adults_50up_female_rural.json,9f1c30ae9c65069ffc7c658c18588df1,2022-02-15,10:51:16,1644940276,shopping_pos,4.53,0,fraud_Schuppe  Nolan and Hoeger,38.160182,-77.099833
436-44-4853,676142456075,Erika,Fields,F,0863 Christopher Court,North,VA,23128,37.4401,-76.4238,1045,Computer games developer,1953-08-01,162035318102,adults_50up_female_rural.json,e2686edd564f7b0505d729a9ae5a04c9,2022-02-16,03:54:14,1645001654,shopping_pos,1.97,0,fraud_Jewess LLC,36.588767,-75.800201
436-44-4853,676142456075,Erika,Fields,F,0863 Christopher Court,North,VA,23128,37.4401,-76.4238,1045,Computer games developer,1953-08-01,162035318102,adults_50up_female_rural.json,1087efb6852ab9bfa46fb736612ddc31,2022-02-16,09:41:35,1645022495,shopping_pos,1.55,0,fraud_Hickle Group,36.721504,-75.587495
436-44-4853,676142456075,Erika,Fields,F,0863 Christopher Court,North,VA,23128,37.4401,-76.4238,1045,Computer games developer,1953-08-01,162035318102,adults_50up_female_rural.json,ba5b3ed45368c5eadb455853e57dfa9f,2022-02-16,10:27:05,1645025225,shopping_pos,65.58,0,fraud_Barrows PLC,38.269183,-76.385125
436-44-4853,676142456075,Erika,Fields,F,0863 Christopher Court,North,VA,23128,37.4401,-76.4238,1045,Computer games developer,1953-08-01,162035318102,adults_50up_female_rural.json,93ccce765e51372afaac960229246d34,2022-02-17,07:00:33,1645099233,shopping_pos,118.39,0,fraud_Bernhard  Grant and Langworth,36.817021,-76.707210
436-44-4853,676142456075,Erika,Fields,F,0863 Christopher Court,North,VA,23128,37.4401,-76.4238,1045,Computer games developer,1953-08-01,162035318102,adults_50up_female_rural.json,f20233e06b58284ad04559314950ee82,2022-02-17,11:48:05,1645116485,shopping_pos,402.35,0,fraud_Willms  Kris and Bergnaum,37.285649,-75.587452
436-44-4853,676142456075,Erika,Fields,F,0863 Christopher Court,North,VA,23128,37.4401,-76.4238,1045,Computer games developer,1953-08-01,162035318102,adults_50up_female_rural.json,78cd7f48e08224e28a3be49e23ef5313,2022-02-18,01:10:39,1645164639,shopping_pos,39.50,0,fraud_Denesik and Sons,37.331874,-76.308453
436-44-4853,676142456075,Erika,Fields,F,0863 Christopher Court,North,VA,23128,37.4401,-76.4238,1045,Computer games developer,1953-08-01,162035318102,adults_50up_female_rural.json,bfb50c0ac4af9e70935951fc20b52f05,2022-02-18,07:54:53,1645188893,shopping_pos,134.73,0,fraud_Kris-Padberg,36.472342,-76.715442
436-44-4853,676142456075,Erika,Fields,F,0863 Christopher Court,North,VA,23128,37.4401,-76.4238,1045,Computer games developer,1953-08-01,162035318102,adults_50up_female_rural.json,f518a44dde394b82a518722fd3cfa3b1,2022-02-18,08:15:32,1645190132,shopping_pos,1.44,0,fraud_Jast-McDermott,37.690541,-75.515421
436-44-4853,676142456075,Erika,Fields,F,0863 Christopher Court,North,VA,23128,37.4401,-76.4238,1045,Computer games developer,1953-08-01,162035318102,adults_50up_female_rural.json,a537b2aa9d3d7fa891791311c650e0a4,2022-02-18,08:49:37,1645192177,shopping_pos,6.11,0,fraud_Bins  Balistreri and Beatty,38.394978,-77.066904
436-44-4853,676142456075,Erika,Fields,F,0863 Christopher Court,North,VA,23128,37.4401,-76.4238,1045,Computer games developer,1953-08-01,162035318102,adults_50up_female_rural.json,b409bae1c5eff54bc2a1ea935188d68a,2022-02-18,11:07:56,1645200476,shopping_pos,14.24,0,fraud_Hermann and Sons,37.034559,-75.869387
436-44-4853,676142456075,Erika,Fields,F,0863 Christopher Court,North,VA,23128,37.4401,-76.4238,1045,Computer games developer,1953-08-01,162035318102,adults_50up_female_rural.json,78e807447cf6818298136bb1863def5e,2022-02-18,11:59:35,1645203575,shopping_pos,8.56,0,fraud_Pagac LLC,37.576283,-77.419493
436-44-4853,676142456075,Erika,Fields,F,0863 Christopher Court,North,VA,23128,37.4401,-76.4238,1045,Computer games developer,1953-08-01,162035318102,adults_50up_female_rural.json,7c11be4e8aef49810cf835377b6c89b1,2022-02-19,02:39:55,1645256395,shopping_pos,84.23,0,fraud_Kihn Inc,38.040268,-75.829273
436-44-4853,676142456075,Erika,Fields,F,0863 Christopher Court,North,VA,23128,37.4401,-76.4238,1045,Computer games developer,1953-08-01,162035318102,adults_50up_female_rural.json,b29d200885c73bf8d6ddded4e12c4671,2022-02-19,06:54:29,1645271669,shopping_pos,112.24,0,fraud_Macejkovic-Lesch,37.208212,-77.333175
436-44-4853,676142456075,Erika,Fields,F,0863 Christopher Court,North,VA,23128,37.4401,-76.4238,1045,Computer games developer,1953-08-01,162035318102,adults_50up_female_rural.json,83e311f3f135e370e66f63e3978b56e0,2022-02-19,10:44:07,1645285447,entertainment,167.02,0,fraud_Gibson-Deckow,37.700673,-75.867390
436-44-4853,676142456075,Erika,Fields,F,0863 Christopher Court,North,VA,23128,37.4401,-76.4238,1045,Computer games developer,1953-08-01,162035318102,adults_50up_female_rural.json,84f4d3b700248bfe0bb70aee04218d4d,2022-02-19,16:22:08,1645305728,entertainment,27.86,0,fraud_Douglas-White,36.456710,-77.298307
436-44-4853,676142456075,Erika,Fields,F,0863 Christopher Court,North,VA,23128,37.4401,-76.4238,1045,Computer games developer,1953-08-01,162035318102,adults_50up_female_rural.json,c86356ad5b7e64347c1f3f972780c174,2022-02-19,21:19:51,1645323591,entertainment,21.67,0,fraud_Schuppe LLC,38.197824,-77.351743
436-44-4853,676142456075,Erika,Fields,F,0863 Christopher Court,North,VA,23128,37.4401,-76.4238,1045,Computer games developer,1953-08-01,162035318102,adults_50up_female_rural.json,d51d64d7085940fe59f55da732bbd0a7,2022-02-20,13:36:52,1645382212,entertainment,83.00,0,fraud_Turcotte  McKenzie and Koss,38.313325,-76.460016
436-44-4853,676142456075,Erika,Fields,F,0863 Christopher Court,North,VA,23128,37.4401,-76.4238,1045,Computer games developer,1953-08-01,162035318102,adults_50up_female_rural.json,a9657e280e8f520d5f7e147daa175036,2022-02-20,15:48:55,1645390135,entertainment,109.05,0,fraud_Frami Group,37.997022,-75.941259
436-44-4853,676142456075,Erika,Fields,F,0863 Christopher Court,North,VA,23128,37.4401,-76.4238,1045,Computer games developer,1953-08-01,162035318102,adults_50up_female_rural.json,de054e108d998e7cb320a74db96462bc,2022-02-21,12:16:46,1645463806,entertainment,9.47,0,fraud_Howe PLC,36.984101,-77.157419
436-44-4853,676142456075,Erika,Fields,F,0863 Christopher Court,North,VA,23128,37.4401,-76.4238,1045,Computer games developer,1953-08-01,162035318102,adults_50up_female_rural.json,85462599616d1c574f04990efb053fa3,2022-02-21,16:38:28,1645479508,entertainment,25.55,0,fraud_Douglas-White,37.088996,-76.729757
436-44-4853,676142456075,Erika,Fields,F,0863 Christopher Court,North,VA,23128,37.4401,-76.4238,1045,Computer games developer,1953-08-01,162035318102,adults_50up_female_rural.json,898d9614a419ee255fff56da60c7bb59,2022-02-22,12:23:21,1645550601,entertainment,35.86,0,fraud_Douglas-White,37.141258,-76.731325
436-44-4853,676142456075,Erika,Fields,F,0863 Christopher Court,North,VA,23128,37.4401,-76.4238,1045,Computer games developer,1953-08-01,162035318102,adults_50up_female_rural.json,5a78b8fc5ad7f6cdab0d56a45faad01c,2022-02-22,13:55:09,1645556109,entertainment,23.71,0,fraud_Hoppe  Harris and Bednar,37.181161,-75.802125
436-44-4853,676142456075,Erika,Fields,F,0863 Christopher Court,North,VA,23128,37.4401,-76.4238,1045,Computer games developer,1953-08-01,162035318102,adults_50up_female_rural.json,e6e9564a31aee794c9161f729a46510c,2022-02-22,20:31:07,1645579867,entertainment,2.68,0,fraud_Kling-Ernser,37.452636,-75.860836
436-44-4853,676142456075,Erika,Fields,F,0863 Christopher Court,North,VA,23128,37.4401,-76.4238,1045,Computer games developer,1953-08-01,162035318102,adults_50up_female_rural.json,b95c0bca8bb862e4f6500bf5aab035a3,2022-02-23,12:20:32,1645636832,entertainment,70.52,0,fraud_Beier LLC,37.508249,-75.707034
436-44-4853,676142456075,Erika,Fields,F,0863 Christopher Court,North,VA,23128,37.4401,-76.4238,1045,Computer games developer,1953-08-01,162035318102,adults_50up_female_rural.json,e38d2e8c72bfa4888104023499d34578,2022-02-23,13:55:12,1645642512,entertainment,13.12,0,fraud_Brown-Greenholt,36.641593,-75.642564
436-44-4853,676142456075,Erika,Fields,F,0863 Christopher Court,North,VA,23128,37.4401,-76.4238,1045,Computer games developer,1953-08-01,162035318102,adults_50up_female_rural.json,f55e88aded012d178a0a279c51504fd7,2022-02-23,21:17:01,1645669021,entertainment,91.33,0,fraud_Gibson-Deckow,37.054204,-75.446275
436-44-4853,676142456075,Erika,Fields,F,0863 Christopher Court,North,VA,23128,37.4401,-76.4238,1045,Computer games developer,1953-08-01,162035318102,adults_50up_female_rural.json,5b3ac3342b67d727934c6e5aba762bfb,2022-02-23,22:17:01,1645672621,entertainment,1.29,0,fraud_Douglas-White,38.284406,-76.654980
436-44-4853,676142456075,Erika,Fields,F,0863 Christopher Court,North,VA,23128,37.4401,-76.4238,1045,Computer games developer,1953-08-01,162035318102,adults_50up_female_rural.json,fd71ef64bb266b2802c604c82165a98c,2022-02-23,23:04:48,1645675488,entertainment,7.17,0,fraud_Heaney-Marquardt,37.639007,-76.445844
436-44-4853,676142456075,Erika,Fields,F,0863 Christopher Court,North,VA,23128,37.4401,-76.4238,1045,Computer games developer,1953-08-01,162035318102,adults_50up_female_rural.json,329207e9cfc0520989fbef549072409b,2022-02-24,23:42:51,1645764171,entertainment,2.45,0,fraud_Nienow PLC,38.214508,-76.959855
436-44-4853,676142456075,Erika,Fields,F,0863 Christopher Court,North,VA,23128,37.4401,-76.4238,1045,Computer games developer,1953-08-01,162035318102,adults_50up_female_rural.json,bc8f26a33a88451eefc443b4a4364d13,2022-02-25,18:22:51,1645831371,entertainment,6.53,0,fraud_Stark-Batz,37.788630,-77.159166
436-44-4853,676142456075,Erika,Fields,F,0863 Christopher Court,North,VA,23128,37.4401,-76.4238,1045,Computer games developer,1953-08-01,162035318102,adults_50up_female_rural.json,a522eca983dcba5f2302ef30c245626a,2022-02-25,18:55:46,1645833346,entertainment,92.45,0,fraud_Turcotte  McKenzie and Koss,36.954021,-77.351503
436-44-4853,676142456075,Erika,Fields,F,0863 Christopher Court,North,VA,23128,37.4401,-76.4238,1045,Computer games developer,1953-08-01,162035318102,adults_50up_female_rural.json,a4cdfee1e8a0f29d76e9d21d7e2302dc,2022-02-26,15:08:43,1645906123,entertainment,7.24,0,fraud_Hoppe  Harris and Bednar,36.642148,-76.808419
436-44-4853,676142456075,Erika,Fields,F,0863 Christopher Court,North,VA,23128,37.4401,-76.4238,1045,Computer games developer,1953-08-01,162035318102,adults_50up_female_rural.json,344bc2138f143a2a17934222b84ed140,2022-02-26,15:39:01,1645907941,entertainment,16.35,0,fraud_Klein Group,37.355223,-76.473519
436-44-4853,676142456075,Erika,Fields,F,0863 Christopher Court,North,VA,23128,37.4401,-76.4238,1045,Computer games developer,1953-08-01,162035318102,adults_50up_female_rural.json,da1d4642e1f872ef9bfab654dcd7f3f9,2022-02-26,15:51:24,1645908684,food_dining,22.09,0,fraud_Jast and Sons,36.921992,-75.671313
436-44-4853,676142456075,Erika,Fields,F,0863 Christopher Court,North,VA,23128,37.4401,-76.4238,1045,Computer games developer,1953-08-01,162035318102,adults_50up_female_rural.json,e3b822963a54e0fd614a140004a20c5d,2022-02-26,18:26:33,1645917993,entertainment,3.13,0,fraud_Nienow PLC,37.964608,-77.083616
436-44-4853,676142456075,Erika,Fields,F,0863 Christopher Court,North,VA,23128,37.4401,-76.4238,1045,Computer games developer,1953-08-01,162035318102,adults_50up_female_rural.json,4c713979683f7e2fa362552318a9f72a,2022-02-26,19:44:42,1645922682,food_dining,50.98,0,fraud_Bernhard-Lesch,38.249571,-76.486485
436-44-4853,676142456075,Erika,Fields,F,0863 Christopher Court,North,VA,23128,37.4401,-76.4238,1045,Computer games developer,1953-08-01,162035318102,adults_50up_female_rural.json,d403ff1205fb8e0062dab4ad721bf211,2022-02-26,21:26:47,1645928807,entertainment,4.03,0,fraud_Thiel-Thiel,37.090342,-76.246978
436-44-4853,676142456075,Erika,Fields,F,0863 Christopher Court,North,VA,23128,37.4401,-76.4238,1045,Computer games developer,1953-08-01,162035318102,adults_50up_female_rural.json,27a9637d780c047d9d386678c086d9d4,2022-02-26,22:59:38,1645934378,entertainment,17.34,0,fraud_Abshire PLC,37.756386,-75.512119
436-44-4853,676142456075,Erika,Fields,F,0863 Christopher Court,North,VA,23128,37.4401,-76.4238,1045,Computer games developer,1953-08-01,162035318102,adults_50up_female_rural.json,03759c16eb2f9f75eeb2fece0f389506,2022-02-27,12:26:57,1645982817,food_dining,2.43,0,fraud_Haag-Blanda,38.397521,-75.832279
436-44-4853,676142456075,Erika,Fields,F,0863 Christopher Court,North,VA,23128,37.4401,-76.4238,1045,Computer games developer,1953-08-01,162035318102,adults_50up_female_rural.json,8f446ccc293ec6c71b89e228f139f87f,2022-02-27,18:23:25,1646004205,food_dining,1.02,0,fraud_Hermiston  Russel and Price,37.072421,-76.247064
436-44-4853,676142456075,Erika,Fields,F,0863 Christopher Court,North,VA,23128,37.4401,-76.4238,1045,Computer games developer,1953-08-01,162035318102,adults_50up_female_rural.json,98f9916e15929291638c1fa91a898f94,2022-03-01,18:41:30,1646178090,food_dining,22.72,0,fraud_Harris Group,37.213825,-76.898516
436-44-4853,676142456075,Erika,Fields,F,0863 Christopher Court,North,VA,23128,37.4401,-76.4238,1045,Computer games developer,1953-08-01,162035318102,adults_50up_female_rural.json,b1c57d207bb8c69f7c31ed68dba4a2ba,2022-03-02,15:24:05,1646252645,food_dining,16.17,0,fraud_Bernhard-Lesch,38.355096,-76.707545
436-44-4853,676142456075,Erika,Fields,F,0863 Christopher Court,North,VA,23128,37.4401,-76.4238,1045,Computer games developer,1953-08-01,162035318102,adults_50up_female_rural.json,9758c44f7943d2bd06602c2e0a7d25b4,2022-03-02,22:41:29,1646278889,food_dining,9.54,0,fraud_Hagenes  Kohler and Hoppe,38.288727,-76.810890
436-44-4853,676142456075,Erika,Fields,F,0863 Christopher Court,North,VA,23128,37.4401,-76.4238,1045,Computer games developer,1953-08-01,162035318102,adults_50up_female_rural.json,56bd92486b7f7a1c18ab72c070017d51,2022-03-03,13:19:48,1646331588,health_fitness,5.62,0,fraud_Hintz  Bauch and Smith,36.698032,-76.607589
436-44-4853,676142456075,Erika,Fields,F,0863 Christopher Court,North,VA,23128,37.4401,-76.4238,1045,Computer games developer,1953-08-01,162035318102,adults_50up_female_rural.json,d84c93363ee9a741211dbac05b606bed,2022-03-03,13:35:20,1646332520,food_dining,123.53,0,fraud_Weber and Sons,37.368861,-76.495524
436-44-4853,676142456075,Erika,Fields,F,0863 Christopher Court,North,VA,23128,37.4401,-76.4238,1045,Computer games developer,1953-08-01,162035318102,adults_50up_female_rural.json,2ab06cde4e6ec3345b9d6c397830702f,2022-03-03,23:57:21,1646369841,food_dining,19.35,0,fraud_Leannon-Ward,36.576956,-75.620069
436-44-4853,676142456075,Erika,Fields,F,0863 Christopher Court,North,VA,23128,37.4401,-76.4238,1045,Computer games developer,1953-08-01,162035318102,adults_50up_female_rural.json,241b70296763bf65a4127b45e7e2958d,2022-03-04,12:51:59,1646416319,health_fitness,7.91,0,fraud_Rippin-VonRueden,37.880255,-75.433520
436-44-4853,676142456075,Erika,Fields,F,0863 Christopher Court,North,VA,23128,37.4401,-76.4238,1045,Computer games developer,1953-08-01,162035318102,adults_50up_female_rural.json,871ddce0f4e1b576ff5aef6c772cd488,2022-03-04,14:40:26,1646422826,health_fitness,7.40,0,fraud_Feil-Morar,37.422713,-76.111685
436-44-4853,676142456075,Erika,Fields,F,0863 Christopher Court,North,VA,23128,37.4401,-76.4238,1045,Computer games developer,1953-08-01,162035318102,adults_50up_female_rural.json,813e2ccaa8e475b616fd3c4e77afedf1,2022-03-04,18:11:47,1646435507,health_fitness,81.57,0,fraud_Kertzmann LLC,36.935179,-76.565320
436-44-4853,676142456075,Erika,Fields,F,0863 Christopher Court,North,VA,23128,37.4401,-76.4238,1045,Computer games developer,1953-08-01,162035318102,adults_50up_female_rural.json,74f57eb81cd16377ad6a08b6d2692dc7,2022-03-04,18:49:24,1646437764,health_fitness,1.57,0,fraud_Romaguera Ltd,37.328965,-76.155797
436-44-4853,676142456075,Erika,Fields,F,0863 Christopher Court,North,VA,23128,37.4401,-76.4238,1045,Computer games developer,1953-08-01,162035318102,adults_50up_female_rural.json,1df5249dddff855d0fd5a65f9b91776a,2022-03-04,23:30:11,1646454611,health_fitness,69.14,0,fraud_Shields-Wunsch,36.550714,-76.626098
436-44-4853,676142456075,Erika,Fields,F,0863 Christopher Court,North,VA,23128,37.4401,-76.4238,1045,Computer games developer,1953-08-01,162035318102,adults_50up_female_rural.json,5f79449d6178df6729d25e9fc5b2be93,2022-03-05,13:14:28,1646504068,health_fitness,101.48,0,fraud_Turcotte  Batz and Buckridge,37.971856,-75.810235
436-44-4853,676142456075,Erika,Fields,F,0863 Christopher Court,North,VA,23128,37.4401,-76.4238,1045,Computer games developer,1953-08-01,162035318102,adults_50up_female_rural.json,e2c4fc20f63c9528d68059385eb6cec6,2022-03-05,15:31:53,1646512313,health_fitness,38.46,0,fraud_Adams-Barrows,38.415868,-77.228933
436-44-4853,676142456075,Erika,Fields,F,0863 Christopher Court,North,VA,23128,37.4401,-76.4238,1045,Computer games developer,1953-08-01,162035318102,adults_50up_female_rural.json,3d6061998a1d2fae10037a44840201a0,2022-03-05,19:13:53,1646525633,health_fitness,2.64,0,fraud_Greenholt Ltd,36.640734,-75.859588
436-44-4853,676142456075,Erika,Fields,F,0863 Christopher Court,North,VA,23128,37.4401,-76.4238,1045,Computer games developer,1953-08-01,162035318102,adults_50up_female_rural.json,b3a2b5b1d33ed5119350adad1343b95e,2022-03-05,19:49:39,1646527779,health_fitness,14.34,0,fraud_Conroy  Balistreri and Gorczany,36.607998,-76.786770
436-44-4853,676142456075,Erika,Fields,F,0863 Christopher Court,North,VA,23128,37.4401,-76.4238,1045,Computer games developer,1953-08-01,162035318102,adults_50up_female_rural.json,123eb54b448bc4289da67a89d7e675ec,2022-03-06,15:06:41,1646597201,health_fitness,14.75,0,fraud_Cormier LLC,37.879369,-76.583096
436-44-4853,676142456075,Erika,Fields,F,0863 Christopher Court,North,VA,23128,37.4401,-76.4238,1045,Computer games developer,1953-08-01,162035318102,adults_50up_female_rural.json,3ddeed35551dc2e105b462db202a6892,2022-03-07,21:57:37,1646708257,health_fitness,21.17,0,fraud_Mueller  Gerhold and Mueller,37.807639,-77.350233
436-44-4853,676142456075,Erika,Fields,F,0863 Christopher Court,North,VA,23128,37.4401,-76.4238,1045,Computer games developer,1953-08-01,162035318102,adults_50up_female_rural.json,79480fda3a35092b4a1874ed509bccea,2022-03-07,23:26:12,1646713572,health_fitness,39.79,0,fraud_Mante  Luettgen and Hackett,36.697518,-75.608506
436-44-4853,676142456075,Erika,Fields,F,0863 Christopher Court,North,VA,23128,37.4401,-76.4238,1045,Computer games developer,1953-08-01,162035318102,adults_50up_female_rural.json,7e110418fe203a1937c467f4e90e764d,2022-03-08,22:01:55,1646794915,health_fitness,6.08,0,fraud_Klocko  Runolfsdottir and Breitenberg,37.263908,-76.274226
436-44-4853,676142456075,Erika,Fields,F,0863 Christopher Court,North,VA,23128,37.4401,-76.4238,1045,Computer games developer,1953-08-01,162035318102,adults_50up_female_rural.json,a6c979e6d418c836b88e06acb8468e19,2022-03-08,22:38:03,1646797083,health_fitness,106.38,0,fraud_Graham and Sons,36.731596,-76.694244
436-44-4853,676142456075,Erika,Fields,F,0863 Christopher Court,North,VA,23128,37.4401,-76.4238,1045,Computer games developer,1953-08-01,162035318102,adults_50up_female_rural.json,7d6edc1aec24d545274f8bf62baf3689,2022-03-09,12:30:11,1646847011,home,34.38,0,fraud_Berge-Ullrich,38.057357,-76.474292
436-44-4853,676142456075,Erika,Fields,F,0863 Christopher Court,North,VA,23128,37.4401,-76.4238,1045,Computer games developer,1953-08-01,162035318102,adults_50up_female_rural.json,7e47fa09c6b2282adf02ba63a5f6e6b9,2022-03-09,15:33:43,1646858023,home,25.88,0,fraud_O'Connell-Ullrich,37.778286,-76.022014
436-44-4853,676142456075,Erika,Fields,F,0863 Christopher Court,North,VA,23128,37.4401,-76.4238,1045,Computer games developer,1953-08-01,162035318102,adults_50up_female_rural.json,3690acb04333556038a9337e307e2202,2022-03-09,19:07:41,1646870861,health_fitness,15.06,0,fraud_Dare  Fritsch and Zboncak,37.207156,-77.363334
436-44-4853,676142456075,Erika,Fields,F,0863 Christopher Court,North,VA,23128,37.4401,-76.4238,1045,Computer games developer,1953-08-01,162035318102,adults_50up_female_rural.json,dc6f04afd004623117ad5579faefb968,2022-03-10,13:41:45,1646937705,home,5.73,0,fraud_Witting  Beer and Ernser,36.502514,-77.006192
436-44-4853,676142456075,Erika,Fields,F,0863 Christopher Court,North,VA,23128,37.4401,-76.4238,1045,Computer games developer,1953-08-01,162035318102,adults_50up_female_rural.json,4528a0a6dc4cfd1704d34707aa3ee9c5,2022-03-10,18:31:42,1646955102,home,111.80,0,fraud_Ernser-Feest,36.832486,-77.305424
436-44-4853,676142456075,Erika,Fields,F,0863 Christopher Court,North,VA,23128,37.4401,-76.4238,1045,Computer games developer,1953-08-01,162035318102,adults_50up_female_rural.json,77edcdc10e17fda440b83406382550bc,2022-03-11,15:10:47,1647029447,home,153.14,0,fraud_Gaylord-Powlowski,37.642659,-76.145483
436-44-4853,676142456075,Erika,Fields,F,0863 Christopher Court,North,VA,23128,37.4401,-76.4238,1045,Computer games developer,1953-08-01,162035318102,adults_50up_female_rural.json,11836a70a4efda6933145fedc93974a7,2022-03-11,18:56:43,1647043003,home,4.99,0,fraud_Schmidt-Larkin,36.468537,-77.241480
436-44-4853,676142456075,Erika,Fields,F,0863 Christopher Court,North,VA,23128,37.4401,-76.4238,1045,Computer games developer,1953-08-01,162035318102,adults_50up_female_rural.json,7b21a5e01da0b6271d744fbc3dc8b4b1,2022-03-11,21:02:12,1647050532,home,106.74,0,fraud_Champlin-Casper,38.383747,-76.909825
436-44-4853,676142456075,Erika,Fields,F,0863 Christopher Court,North,VA,23128,37.4401,-76.4238,1045,Computer games developer,1953-08-01,162035318102,adults_50up_female_rural.json,71bb2fa6bb1c94282e3994f9ff2f5af1,2022-03-11,23:03:29,1647057809,home,120.97,0,fraud_Kutch-Ferry,36.630409,-75.729974
436-44-4853,676142456075,Erika,Fields,F,0863 Christopher Court,North,VA,23128,37.4401,-76.4238,1045,Computer games developer,1953-08-01,162035318102,adults_50up_female_rural.json,e7fc0b0acb8ce106163bba32f28e9a2d,2022-03-12,13:06:27,1647108387,home,6.48,0,fraud_Hettinger  McCullough and Fay,36.903486,-76.102106
436-44-4853,676142456075,Erika,Fields,F,0863 Christopher Court,North,VA,23128,37.4401,-76.4238,1045,Computer games developer,1953-08-01,162035318102,adults_50up_female_rural.json,e747ad2b1ef44a02d1d4c871ed5f19f8,2022-03-12,14:44:57,1647114297,home,37.72,0,fraud_Koss  Hansen and Lueilwitz,37.159713,-77.366197
436-44-4853,676142456075,Erika,Fields,F,0863 Christopher Court,North,VA,23128,37.4401,-76.4238,1045,Computer games developer,1953-08-01,162035318102,adults_50up_female_rural.json,0a8d4613933f188da811ba705327e532,2022-03-12,16:29:38,1647120578,home,120.74,0,fraud_Botsford and Sons,37.934110,-76.269643
436-44-4853,676142456075,Erika,Fields,F,0863 Christopher Court,North,VA,23128,37.4401,-76.4238,1045,Computer games developer,1953-08-01,162035318102,adults_50up_female_rural.json,ff73aeb790b3cdc8cf88a55e67204203,2022-03-12,19:08:52,1647130132,home,25.16,0,fraud_Windler  Goodwin and Kovacek,38.113780,-76.585804
436-44-4853,676142456075,Erika,Fields,F,0863 Christopher Court,North,VA,23128,37.4401,-76.4238,1045,Computer games developer,1953-08-01,162035318102,adults_50up_female_rural.json,cc39062e9ed0d2ecd394bf23a24f05ef,2022-03-12,20:01:36,1647133296,home,21.35,0,fraud_O'Connell-Ullrich,37.000829,-75.638870
436-44-4853,676142456075,Erika,Fields,F,0863 Christopher Court,North,VA,23128,37.4401,-76.4238,1045,Computer games developer,1953-08-01,162035318102,adults_50up_female_rural.json,267c23b3b8074825634542da51e45e3d,2022-03-12,21:36:30,1647138990,home,17.78,0,fraud_Streich Ltd,36.945410,-77.361623
436-44-4853,676142456075,Erika,Fields,F,0863 Christopher Court,North,VA,23128,37.4401,-76.4238,1045,Computer games developer,1953-08-01,162035318102,adults_50up_female_rural.json,ae4721f4f61491add5ccba9ac19a882b,2022-03-13,12:18:42,1647188322,home,38.94,0,fraud_Eichmann-Kilback,38.076632,-77.119556
436-44-4853,676142456075,Erika,Fields,F,0863 Christopher Court,North,VA,23128,37.4401,-76.4238,1045,Computer games developer,1953-08-01,162035318102,adults_50up_female_rural.json,a5535c8bb544785e95a7afd83a4de85f,2022-03-13,15:01:49,1647198109,home,58.92,0,fraud_Botsford PLC,37.395318,-77.185973
436-44-4853,676142456075,Erika,Fields,F,0863 Christopher Court,North,VA,23128,37.4401,-76.4238,1045,Computer games developer,1953-08-01,162035318102,adults_50up_female_rural.json,036e5ba5d35f6e7f974ccc906f61a42f,2022-03-13,15:03:39,1647198219,home,5.84,0,fraud_Champlin and Sons,36.767192,-77.112443
436-44-4853,676142456075,Erika,Fields,F,0863 Christopher Court,North,VA,23128,37.4401,-76.4238,1045,Computer games developer,1953-08-01,162035318102,adults_50up_female_rural.json,e1419182e7a51723f5f68d6c56cd12fb,2022-03-13,15:28:05,1647199685,home,11.18,0,fraud_Eichmann-Kilback,37.162047,-76.072811
436-44-4853,676142456075,Erika,Fields,F,0863 Christopher Court,North,VA,23128,37.4401,-76.4238,1045,Computer games developer,1953-08-01,162035318102,adults_50up_female_rural.json,0fd4ec8477c8ff86500f78dafac83d7f,2022-03-13,17:03:44,1647205424,home,181.90,0,fraud_Wuckert  Wintheiser and Friesen,36.504853,-77.342305
436-44-4853,676142456075,Erika,Fields,F,0863 Christopher Court,North,VA,23128,37.4401,-76.4238,1045,Computer games developer,1953-08-01,162035318102,adults_50up_female_rural.json,39a1ae8d19562d2436d8d00b48723a1c,2022-03-13,17:28:18,1647206898,home,37.73,0,fraud_Berge-Ullrich,36.715139,-76.741821
436-44-4853,676142456075,Erika,Fields,F,0863 Christopher Court,North,VA,23128,37.4401,-76.4238,1045,Computer games developer,1953-08-01,162035318102,adults_50up_female_rural.json,b0794af98e51d32faa4b859f7995cc12,2022-03-13,17:43:09,1647207789,home,194.53,0,fraud_Lynch-Wisozk,38.206959,-77.158144
436-44-4853,676142456075,Erika,Fields,F,0863 Christopher Court,North,VA,23128,37.4401,-76.4238,1045,Computer games developer,1953-08-01,162035318102,adults_50up_female_rural.json,f939444291d7498d24c21c4d6829332e,2022-03-13,17:46:49,1647208009,home,107.78,0,fraud_Beier and Sons,37.724881,-76.095581
436-44-4853,676142456075,Erika,Fields,F,0863 Christopher Court,North,VA,23128,37.4401,-76.4238,1045,Computer games developer,1953-08-01,162035318102,adults_50up_female_rural.json,0c733048210a29fa09fc1bdfec845cd3,2022-03-13,19:54:15,1647215655,home,5.62,0,fraud_Connelly-Carter,37.976282,-77.191026
436-44-4853,676142456075,Erika,Fields,F,0863 Christopher Court,North,VA,23128,37.4401,-76.4238,1045,Computer games developer,1953-08-01,162035318102,adults_50up_female_rural.json,950775961341c957a83cc7df96fc2760,2022-03-13,22:56:04,1647226564,home,64.86,0,fraud_Gulgowski LLC,37.359984,-75.993595
436-44-4853,676142456075,Erika,Fields,F,0863 Christopher Court,North,VA,23128,37.4401,-76.4238,1045,Computer games developer,1953-08-01,162035318102,adults_50up_female_rural.json,da6111c8e74a44f4d027fdc2ce52e39a,2022-03-13,23:24:40,1647228280,home,38.09,0,fraud_Wuckert-Goldner,36.673912,-77.209373
436-44-4853,676142456075,Erika,Fields,F,0863 Christopher Court,North,VA,23128,37.4401,-76.4238,1045,Computer games developer,1953-08-01,162035318102,adults_50up_female_rural.json,29399696306d0078be33d981acc2280a,2022-03-14,13:18:55,1647278335,home,81.37,0,fraud_Pollich LLC,37.406116,-75.615361
436-44-4853,676142456075,Erika,Fields,F,0863 Christopher Court,North,VA,23128,37.4401,-76.4238,1045,Computer games developer,1953-08-01,162035318102,adults_50up_female_rural.json,fda954de0b658ad986f1350f72168bfa,2022-03-14,14:58:33,1647284313,home,30.53,0,fraud_O'Reilly  Mohr and Purdy,38.403896,-76.276563
436-44-4853,676142456075,Erika,Fields,F,0863 Christopher Court,North,VA,23128,37.4401,-76.4238,1045,Computer games developer,1953-08-01,162035318102,adults_50up_female_rural.json,cd4cfcceddd542fd06de17eb5b3f30b7,2022-03-14,19:33:21,1647300801,home,19.93,0,fraud_Prosacco  Kreiger and Kovacek,38.411869,-76.844534
436-44-4853,676142456075,Erika,Fields,F,0863 Christopher Court,North,VA,23128,37.4401,-76.4238,1045,Computer games developer,1953-08-01,162035318102,adults_50up_female_rural.json,da6e6dda205a8d84a2a9c45a1f290f6b,2022-03-15,13:54:22,1647366862,home,30.80,0,fraud_Botsford PLC,37.814466,-77.248602
436-44-4853,676142456075,Erika,Fields,F,0863 Christopher Court,North,VA,23128,37.4401,-76.4238,1045,Computer games developer,1953-08-01,162035318102,adults_50up_female_rural.json,89e151165816168e361d94f6dcfaef4f,2022-03-15,14:30:09,1647369009,home,43.77,0,fraud_Moore  Williamson and Emmerich,38.282370,-75.567943
436-44-4853,676142456075,Erika,Fields,F,0863 Christopher Court,North,VA,23128,37.4401,-76.4238,1045,Computer games developer,1953-08-01,162035318102,adults_50up_female_rural.json,7b073f1d56cb58853f80a1e5bb5851e1,2022-03-15,20:03:27,1647389007,home,11.26,0,fraud_Padberg-Sauer,37.897977,-76.853309
436-44-4853,676142456075,Erika,Fields,F,0863 Christopher Court,North,VA,23128,37.4401,-76.4238,1045,Computer games developer,1953-08-01,162035318102,adults_50up_female_rural.json,b89dd9dd651db92da2076c59dc3c6dd5,2022-03-15,20:59:58,1647392398,home,94.33,0,fraud_Renner Ltd,38.374692,-77.014232
436-44-4853,676142456075,Erika,Fields,F,0863 Christopher Court,North,VA,23128,37.4401,-76.4238,1045,Computer games developer,1953-08-01,162035318102,adults_50up_female_rural.json,e5a977eb23f2597015c4f574929e3554,2022-03-15,23:41:34,1647402094,home,4.51,0,fraud_Terry Ltd,37.507559,-76.596040
436-44-4853,676142456075,Erika,Fields,F,0863 Christopher Court,North,VA,23128,37.4401,-76.4238,1045,Computer games developer,1953-08-01,162035318102,adults_50up_female_rural.json,e5258ad6c4b8b3f1139a48742639d933,2022-03-15,23:59:53,1647403193,home,19.25,0,fraud_Skiles LLC,38.270386,-76.204245
436-44-4853,676142456075,Erika,Fields,F,0863 Christopher Court,North,VA,23128,37.4401,-76.4238,1045,Computer games developer,1953-08-01,162035318102,adults_50up_female_rural.json,16e0443ccb2cee7ef38e128e0a402c85,2022-03-16,16:41:04,1647463264,kids_pets,86.13,0,fraud_Bode-Schuster,36.534896,-75.741253
436-44-4853,676142456075,Erika,Fields,F,0863 Christopher Court,North,VA,23128,37.4401,-76.4238,1045,Computer games developer,1953-08-01,162035318102,adults_50up_female_rural.json,03e698cfb229987fdd7ce1dab6e2756a,2022-03-16,21:17:13,1647479833,home,15.15,0,fraud_Prosacco  Kreiger and Kovacek,38.164994,-76.744065
436-44-4853,676142456075,Erika,Fields,F,0863 Christopher Court,North,VA,23128,37.4401,-76.4238,1045,Computer games developer,1953-08-01,162035318102,adults_50up_female_rural.json,b8e67629e3f0fdd02a77d426c5c2a6a5,2022-03-16,22:04:03,1647482643,kids_pets,124.87,0,fraud_Dare  Casper and Bartoletti,37.730181,-76.852357
436-44-4853,676142456075,Erika,Fields,F,0863 Christopher Court,North,VA,23128,37.4401,-76.4238,1045,Computer games developer,1953-08-01,162035318102,adults_50up_female_rural.json,16657c2548df9796e9c206b4e525b7c8,2022-03-17,12:48:58,1647535738,kids_pets,13.77,0,fraud_Cartwright PLC,38.182172,-75.628330
436-44-4853,676142456075,Erika,Fields,F,0863 Christopher Court,North,VA,23128,37.4401,-76.4238,1045,Computer games developer,1953-08-01,162035318102,adults_50up_female_rural.json,221e1ac2921be8e6f173d323c0354355,2022-03-17,17:53:39,1647554019,kids_pets,8.48,0,fraud_Beer-Jast,37.193889,-76.448787
436-44-4853,676142456075,Erika,Fields,F,0863 Christopher Court,North,VA,23128,37.4401,-76.4238,1045,Computer games developer,1953-08-01,162035318102,adults_50up_female_rural.json,5eda10576a93a3ec935cd2e4ec15f119,2022-03-17,21:28:50,1647566930,kids_pets,51.60,0,fraud_Bogisich-Weimann,36.697053,-76.864768
436-44-4853,676142456075,Erika,Fields,F,0863 Christopher Court,North,VA,23128,37.4401,-76.4238,1045,Computer games developer,1953-08-01,162035318102,adults_50up_female_rural.json,4b1e75d0c1521bd7c2a257f18eb7e699,2022-03-18,12:55:02,1647622502,kids_pets,80.51,0,fraud_Beer-Jast,37.141018,-76.775807
436-44-4853,676142456075,Erika,Fields,F,0863 Christopher Court,North,VA,23128,37.4401,-76.4238,1045,Computer games developer,1953-08-01,162035318102,adults_50up_female_rural.json,42ae7661da2e9b692703923f1a328f90,2022-03-18,14:57:33,1647629853,kids_pets,26.18,0,fraud_Cartwright PLC,38.056359,-77.397337
436-44-4853,676142456075,Erika,Fields,F,0863 Christopher Court,North,VA,23128,37.4401,-76.4238,1045,Computer games developer,1953-08-01,162035318102,adults_50up_female_rural.json,c5c2fdf62c33a7defba76c1c17200cff,2022-03-18,17:19:48,1647638388,kids_pets,35.19,0,fraud_Bednar PLC,36.462122,-76.282931
436-44-4853,676142456075,Erika,Fields,F,0863 Christopher Court,North,VA,23128,37.4401,-76.4238,1045,Computer games developer,1953-08-01,162035318102,adults_50up_female_rural.json,065e4e69a98ad666cbc30ce7d2c4e3fc,2022-03-18,19:07:07,1647644827,kids_pets,9.51,0,fraud_Schoen-Quigley,36.480683,-75.884239
436-44-4853,676142456075,Erika,Fields,F,0863 Christopher Court,North,VA,23128,37.4401,-76.4238,1045,Computer games developer,1953-08-01,162035318102,adults_50up_female_rural.json,2768ab76f4451f5a2e953e4e4ed3b1ee,2022-03-18,19:50:31,1647647431,kids_pets,93.61,0,fraud_Waelchi Inc,37.526216,-77.362586
436-44-4853,676142456075,Erika,Fields,F,0863 Christopher Court,North,VA,23128,37.4401,-76.4238,1045,Computer games developer,1953-08-01,162035318102,adults_50up_female_rural.json,f3d53113d08b1331e2010b8ae1c50e9a,2022-03-18,22:08:57,1647655737,kids_pets,7.10,0,fraud_Fahey Inc,36.746742,-76.089109
436-44-4853,676142456075,Erika,Fields,F,0863 Christopher Court,North,VA,23128,37.4401,-76.4238,1045,Computer games developer,1953-08-01,162035318102,adults_50up_female_rural.json,73d0915951fadeb2d0ba057c1ba611b0,2022-03-18,22:19:52,1647656392,kids_pets,62.12,0,fraud_Breitenberg-Hermiston,36.936653,-76.720660
436-44-4853,676142456075,Erika,Fields,F,0863 Christopher Court,North,VA,23128,37.4401,-76.4238,1045,Computer games developer,1953-08-01,162035318102,adults_50up_female_rural.json,5743d374909eac5c0538d188cf21cab3,2022-03-19,12:01:35,1647705695,kids_pets,48.46,0,fraud_Ullrich Ltd,36.900400,-76.692528
436-44-4853,676142456075,Erika,Fields,F,0863 Christopher Court,North,VA,23128,37.4401,-76.4238,1045,Computer games developer,1953-08-01,162035318102,adults_50up_female_rural.json,3c2a746593c2d90fdc0241b75f3ba305,2022-03-19,12:41:59,1647708119,kids_pets,3.00,0,fraud_Roberts  Daniel and Macejkovic,36.633898,-77.183320
436-44-4853,676142456075,Erika,Fields,F,0863 Christopher Court,North,VA,23128,37.4401,-76.4238,1045,Computer games developer,1953-08-01,162035318102,adults_50up_female_rural.json,275b4f511ed3c7b6864324e3d808d4d6,2022-03-19,15:21:26,1647717686,kids_pets,23.40,0,fraud_Hilpert-Conroy,37.336607,-75.650605
436-44-4853,676142456075,Erika,Fields,F,0863 Christopher Court,North,VA,23128,37.4401,-76.4238,1045,Computer games developer,1953-08-01,162035318102,adults_50up_female_rural.json,2c8fdd2c3f66ae4ab46826a4ef1c40bc,2022-03-19,15:46:08,1647719168,kids_pets,15.31,0,fraud_Hilpert-Conroy,37.283833,-76.872241
436-44-4853,676142456075,Erika,Fields,F,0863 Christopher Court,North,VA,23128,37.4401,-76.4238,1045,Computer games developer,1953-08-01,162035318102,adults_50up_female_rural.json,a2edf27d3f9689bb3f3e192f94b9e64d,2022-03-19,17:28:11,1647725291,kids_pets,58.59,0,fraud_Daugherty LLC,36.626318,-76.796051
436-44-4853,676142456075,Erika,Fields,F,0863 Christopher Court,North,VA,23128,37.4401,-76.4238,1045,Computer games developer,1953-08-01,162035318102,adults_50up_female_rural.json,83d1f2adda66472c7a82206e624987b0,2022-03-19,17:34:35,1647725675,kids_pets,55.30,0,fraud_Waelchi-Wolf,37.482842,-76.767721
436-44-4853,676142456075,Erika,Fields,F,0863 Christopher Court,North,VA,23128,37.4401,-76.4238,1045,Computer games developer,1953-08-01,162035318102,adults_50up_female_rural.json,a3c1a54e61b0e0dfe2f0e7fc6bd2a591,2022-03-19,18:47:24,1647730044,kids_pets,9.49,0,fraud_Roberts  Daniel and Macejkovic,38.340619,-76.808875
436-44-4853,676142456075,Erika,Fields,F,0863 Christopher Court,North,VA,23128,37.4401,-76.4238,1045,Computer games developer,1953-08-01,162035318102,adults_50up_female_rural.json,9b16f2575c30c1b42f420f956ede03ca,2022-03-19,23:23:12,1647746592,kids_pets,81.79,0,fraud_Schaefer Ltd,38.081867,-76.131807
436-44-4853,676142456075,Erika,Fields,F,0863 Christopher Court,North,VA,23128,37.4401,-76.4238,1045,Computer games developer,1953-08-01,162035318102,adults_50up_female_rural.json,d7ce7e13453f7b6a7d582762cb760587,2022-03-20,16:37:47,1647808667,kids_pets,9.86,0,fraud_Yost  Schamberger and Windler,37.867305,-75.660454
436-44-4853,676142456075,Erika,Fields,F,0863 Christopher Court,North,VA,23128,37.4401,-76.4238,1045,Computer games developer,1953-08-01,162035318102,adults_50up_female_rural.json,b433f4e7141a7a19b1d995ac31e5a370,2022-03-20,16:43:40,1647809020,kids_pets,28.49,0,fraud_Swift PLC,37.006322,-76.438918
436-44-4853,676142456075,Erika,Fields,F,0863 Christopher Court,North,VA,23128,37.4401,-76.4238,1045,Computer games developer,1953-08-01,162035318102,adults_50up_female_rural.json,9a9fc5a6f63bbc5c2731b27dec7a2d3e,2022-03-20,18:15:29,1647814529,kids_pets,19.80,0,fraud_Gottlieb Group,36.679438,-76.726983
436-44-4853,676142456075,Erika,Fields,F,0863 Christopher Court,North,VA,23128,37.4401,-76.4238,1045,Computer games developer,1953-08-01,162035318102,adults_50up_female_rural.json,f1bd4f7a9ad07075ff821c33376bba66,2022-03-20,20:34:51,1647822891,kids_pets,45.23,0,fraud_Schoen Ltd,37.853531,-76.656949
436-44-4853,676142456075,Erika,Fields,F,0863 Christopher Court,North,VA,23128,37.4401,-76.4238,1045,Computer games developer,1953-08-01,162035318102,adults_50up_female_rural.json,cdb2db18ada78a3c3d909e97cab7e9cd,2022-03-20,23:06:08,1647831968,kids_pets,37.04,0,fraud_Breitenberg-Hermiston,37.429012,-77.051812
436-44-4853,676142456075,Erika,Fields,F,0863 Christopher Court,North,VA,23128,37.4401,-76.4238,1045,Computer games developer,1953-08-01,162035318102,adults_50up_female_rural.json,e33d610a8a79ea19f415c97c1c1d9887,2022-03-20,23:22:21,1647832941,kids_pets,27.00,0,fraud_Bode-Rempel,38.154376,-75.699911
436-44-4853,676142456075,Erika,Fields,F,0863 Christopher Court,North,VA,23128,37.4401,-76.4238,1045,Computer games developer,1953-08-01,162035318102,adults_50up_female_rural.json,db3c3559f735399a85933d9af8fd4a73,2022-03-20,23:53:58,1647834838,kids_pets,5.30,0,fraud_Romaguera  Wehner and Tromp,38.383136,-75.659104
436-44-4853,676142456075,Erika,Fields,F,0863 Christopher Court,North,VA,23128,37.4401,-76.4238,1045,Computer games developer,1953-08-01,162035318102,adults_50up_female_rural.json,54d06055c7a9eabec1a8346e5fab5de8,2022-03-21,17:06:26,1647896786,kids_pets,133.36,0,fraud_Breitenberg-Hermiston,38.429622,-76.759150
436-44-4853,676142456075,Erika,Fields,F,0863 Christopher Court,North,VA,23128,37.4401,-76.4238,1045,Computer games developer,1953-08-01,162035318102,adults_50up_female_rural.json,29fd8d8b764f90bc0089ea539fd5d991,2022-03-21,17:37:24,1647898644,kids_pets,7.60,0,fraud_Little Ltd,37.732243,-76.875052
436-44-4853,676142456075,Erika,Fields,F,0863 Christopher Court,North,VA,23128,37.4401,-76.4238,1045,Computer games developer,1953-08-01,162035318102,adults_50up_female_rural.json,3f722aae1500897657140ee5b7643b9b,2022-03-21,20:06:36,1647907596,kids_pets,5.72,0,fraud_Streich  Rolfson and Wilderman,38.290852,-77.344141
436-44-4853,676142456075,Erika,Fields,F,0863 Christopher Court,North,VA,23128,37.4401,-76.4238,1045,Computer games developer,1953-08-01,162035318102,adults_50up_female_rural.json,7f49eaaf535e4cb986571a67586452ce,2022-03-22,14:59:51,1647975591,kids_pets,142.51,0,fraud_Breitenberg-Hermiston,37.999561,-76.136956
436-44-4853,676142456075,Erika,Fields,F,0863 Christopher Court,North,VA,23128,37.4401,-76.4238,1045,Computer games developer,1953-08-01,162035318102,adults_50up_female_rural.json,2eba7ce43edf674d930efa8d6d667fd4,2022-03-22,20:14:40,1647994480,kids_pets,38.06,0,fraud_Bode-Schuster,36.645258,-77.356258
436-44-4853,676142456075,Erika,Fields,F,0863 Christopher Court,North,VA,23128,37.4401,-76.4238,1045,Computer games developer,1953-08-01,162035318102,adults_50up_female_rural.json,5f6825831758abbda51ef44b12ab7c15,2022-03-23,17:58:26,1648072706,personal_care,225.84,0,fraud_Friesen-Ortiz,38.075229,-76.833509
436-44-4853,676142456075,Erika,Fields,F,0863 Christopher Court,North,VA,23128,37.4401,-76.4238,1045,Computer games developer,1953-08-01,162035318102,adults_50up_female_rural.json,efbf83a054399bda6e9697ae2fe8e5d8,2022-03-23,19:21:51,1648077711,personal_care,65.56,0,fraud_Homenick LLC,37.035248,-75.482575
436-44-4853,676142456075,Erika,Fields,F,0863 Christopher Court,North,VA,23128,37.4401,-76.4238,1045,Computer games developer,1953-08-01,162035318102,adults_50up_female_rural.json,57297cee39969cd79bcbbf9f1dc54285,2022-03-23,23:29:22,1648092562,personal_care,1.81,0,fraud_Yost-Rogahn,37.373834,-76.942544
436-44-4853,676142456075,Erika,Fields,F,0863 Christopher Court,North,VA,23128,37.4401,-76.4238,1045,Computer games developer,1953-08-01,162035318102,adults_50up_female_rural.json,64386cc855d900e0f3f35dcb994503ac,2022-03-24,18:32:42,1648161162,personal_care,56.19,0,fraud_Medhurst  Cartwright and Ebert,36.809980,-75.819448
436-44-4853,676142456075,Erika,Fields,F,0863 Christopher Court,North,VA,23128,37.4401,-76.4238,1045,Computer games developer,1953-08-01,162035318102,adults_50up_female_rural.json,91cdb7ad5853afca5316d13e3e86747a,2022-03-24,18:45:38,1648161938,personal_care,72.84,0,fraud_Lubowitz  Terry and Stracke,38.142850,-75.545383
436-44-4853,676142456075,Erika,Fields,F,0863 Christopher Court,North,VA,23128,37.4401,-76.4238,1045,Computer games developer,1953-08-01,162035318102,adults_50up_female_rural.json,07342cc1cc036c90121e7da16b9e165f,2022-03-24,19:41:16,1648165276,personal_care,20.82,0,fraud_Kozey-Kuhlman,37.238089,-77.257809
436-44-4853,676142456075,Erika,Fields,F,0863 Christopher Court,North,VA,23128,37.4401,-76.4238,1045,Computer games developer,1953-08-01,162035318102,adults_50up_female_rural.json,6139af15c4cf8c2c43c754d8fe0b3135,2022-03-24,20:31:21,1648168281,personal_care,35.62,0,fraud_Crooks and Sons,36.593279,-76.961843
436-44-4853,676142456075,Erika,Fields,F,0863 Christopher Court,North,VA,23128,37.4401,-76.4238,1045,Computer games developer,1953-08-01,162035318102,adults_50up_female_rural.json,b0335b0b042d70a7e39ac966ae6f9d87,2022-03-24,22:04:59,1648173899,personal_care,48.85,0,fraud_Prosacco LLC,37.344719,-76.081489
436-44-4853,676142456075,Erika,Fields,F,0863 Christopher Court,North,VA,23128,37.4401,-76.4238,1045,Computer games developer,1953-08-01,162035318102,adults_50up_female_rural.json,1733c9bc7399b7171bdbf018af15e16f,2022-03-25,17:10:07,1648242607,personal_care,49.23,0,fraud_Osinski Inc,37.694111,-77.314117
436-44-4853,676142456075,Erika,Fields,F,0863 Christopher Court,North,VA,23128,37.4401,-76.4238,1045,Computer games developer,1953-08-01,162035318102,adults_50up_female_rural.json,a1c2e6f325bc5349b246d7e7a742ad7e,2022-03-25,17:52:51,1648245171,personal_care,7.91,0,fraud_Bartoletti and Sons,37.877900,-76.737311
436-44-4853,676142456075,Erika,Fields,F,0863 Christopher Court,North,VA,23128,37.4401,-76.4238,1045,Computer games developer,1953-08-01,162035318102,adults_50up_female_rural.json,c1df38eb1e771cbccecea25cf8aa4eec,2022-03-25,18:47:47,1648248467,personal_care,128.17,0,fraud_Auer LLC,37.730552,-75.985322
436-44-4853,676142456075,Erika,Fields,F,0863 Christopher Court,North,VA,23128,37.4401,-76.4238,1045,Computer games developer,1953-08-01,162035318102,adults_50up_female_rural.json,bd6f4d308c4658778b46b1ebdd6fede9,2022-03-26,12:24:33,1648311873,personal_care,36.34,0,fraud_Nader-Maggio,38.314948,-75.716809
436-44-4853,676142456075,Erika,Fields,F,0863 Christopher Court,North,VA,23128,37.4401,-76.4238,1045,Computer games developer,1953-08-01,162035318102,adults_50up_female_rural.json,accf37341a29a80ef7c8a016146d3dd7,2022-03-26,14:55:09,1648320909,personal_care,4.33,0,fraud_Kub PLC,38.333935,-77.023060
436-44-4853,676142456075,Erika,Fields,F,0863 Christopher Court,North,VA,23128,37.4401,-76.4238,1045,Computer games developer,1953-08-01,162035318102,adults_50up_female_rural.json,1cd094f7d9b2a25f988c5259ac94310c,2022-03-26,16:08:03,1648325283,personal_care,17.43,0,fraud_Parker-Kunde,36.529149,-75.713201
436-44-4853,676142456075,Erika,Fields,F,0863 Christopher Court,North,VA,23128,37.4401,-76.4238,1045,Computer games developer,1953-08-01,162035318102,adults_50up_female_rural.json,6528111e97fd9248ce59c5e1872d09fc,2022-03-26,22:10:33,1648347033,personal_care,58.31,0,fraud_Nader-Maggio,37.106449,-77.201457
436-44-4853,676142456075,Erika,Fields,F,0863 Christopher Court,North,VA,23128,37.4401,-76.4238,1045,Computer games developer,1953-08-01,162035318102,adults_50up_female_rural.json,6311e38a0f44c6d73119d71254712585,2022-03-27,13:02:58,1648400578,personal_care,6.07,0,fraud_Langworth LLC,37.651203,-77.159024
436-44-4853,676142456075,Erika,Fields,F,0863 Christopher Court,North,VA,23128,37.4401,-76.4238,1045,Computer games developer,1953-08-01,162035318102,adults_50up_female_rural.json,fdbd3968eed2d06ff3f2ea0e475fa59a,2022-03-27,18:12:11,1648419131,personal_care,112.06,0,fraud_Schmeler-Howe,36.887852,-75.911783
436-44-4853,676142456075,Erika,Fields,F,0863 Christopher Court,North,VA,23128,37.4401,-76.4238,1045,Computer games developer,1953-08-01,162035318102,adults_50up_female_rural.json,6f9c058f4753f5e260a299c9f3cd2c55,2022-03-27,20:55:22,1648428922,personal_care,28.41,0,fraud_Erdman-Ebert,37.639805,-75.812449
436-44-4853,676142456075,Erika,Fields,F,0863 Christopher Court,North,VA,23128,37.4401,-76.4238,1045,Computer games developer,1953-08-01,162035318102,adults_50up_female_rural.json,a5069e472eb3018b4fe28f05b1f7e6d2,2022-03-27,23:45:35,1648439135,personal_care,1.21,0,fraud_Zulauf LLC,36.638763,-75.894300
436-44-4853,676142456075,Erika,Fields,F,0863 Christopher Court,North,VA,23128,37.4401,-76.4238,1045,Computer games developer,1953-08-01,162035318102,adults_50up_female_rural.json,f1df378a804c9e7599358e4f6ed96bb3,2022-03-27,23:54:40,1648439680,personal_care,85.21,0,fraud_Hahn  Bahringer and McLaughlin,36.489346,-75.510721
436-44-4853,676142456075,Erika,Fields,F,0863 Christopher Court,North,VA,23128,37.4401,-76.4238,1045,Computer games developer,1953-08-01,162035318102,adults_50up_female_rural.json,ab1e2e3fd1c1a0cd7169a67f2f72445a,2022-03-28,12:06:35,1648483595,travel,5.78,0,fraud_Ankunding-Carroll,38.195024,-77.353426
436-44-4853,676142456075,Erika,Fields,F,0863 Christopher Court,North,VA,23128,37.4401,-76.4238,1045,Computer games developer,1953-08-01,162035318102,adults_50up_female_rural.json,0f0944973e75078c08dbfa2949ed0d04,2022-03-28,13:39:22,1648489162,travel,15.08,0,fraud_Eichmann  Hayes and Treutel,36.814454,-77.163060
436-44-4853,676142456075,Erika,Fields,F,0863 Christopher Court,North,VA,23128,37.4401,-76.4238,1045,Computer games developer,1953-08-01,162035318102,adults_50up_female_rural.json,0a3c4673e1dc38fac41ee9cbc0c115d0,2022-03-29,14:26:47,1648578407,travel,10.24,0,fraud_Ankunding-Carroll,36.741466,-76.131360
436-44-4853,676142456075,Erika,Fields,F,0863 Christopher Court,North,VA,23128,37.4401,-76.4238,1045,Computer games developer,1953-08-01,162035318102,adults_50up_female_rural.json,468bbd04b25cc8f2479a53ce27eaecae,2022-03-29,14:30:49,1648578649,travel,77.75,0,fraud_Kovacek Ltd,36.557153,-75.424506
436-44-4853,676142456075,Erika,Fields,F,0863 Christopher Court,North,VA,23128,37.4401,-76.4238,1045,Computer games developer,1953-08-01,162035318102,adults_50up_female_rural.json,7845a355db27439d667e29be648c92b4,2022-03-30,13:17:34,1648660654,travel,19.97,0,fraud_Little-Gleichner,36.540033,-75.877740
436-44-4853,676142456075,Erika,Fields,F,0863 Christopher Court,North,VA,23128,37.4401,-76.4238,1045,Computer games developer,1953-08-01,162035318102,adults_50up_female_rural.json,3f7f0366f8166774f4f7c117512d9b2c,2022-03-30,16:20:37,1648671637,travel,4.20,0,fraud_Veum-Koelpin,36.603056,-77.037315
436-44-4853,676142456075,Erika,Fields,F,0863 Christopher Court,North,VA,23128,37.4401,-76.4238,1045,Computer games developer,1953-08-01,162035318102,adults_50up_female_rural.json,78248db5931fc80558a20131480a69f2,2022-03-30,17:53:45,1648677225,travel,27.61,0,fraud_Champlin  Rolfson and Connelly,36.710101,-76.218046
436-44-4853,676142456075,Erika,Fields,F,0863 Christopher Court,North,VA,23128,37.4401,-76.4238,1045,Computer games developer,1953-08-01,162035318102,adults_50up_female_rural.json,572bc31d71b56b9153e9ea4ee18bd8fc,2022-03-30,18:55:31,1648680931,travel,130.76,0,fraud_Champlin  Rolfson and Connelly,37.921838,-76.479695
